{
    "version": "0.4",
    "title": "About Us",
    "type": "page",
    "metadata": {
        "template_type": "single-page",
        "include_in_zip": "1",
        "elementor_pro_required": "1",
        "wp_page_template": "elementor_header_footer"
    },
    "content": [
        {
            "id": "10007cd4",
            "settings": {
                "content_position": "middle",
                "_ob_glider_nav_pos_y_alt": "50% - 25px",
                "_ob_glider_nav_pos_x_prev_alt": "0%",
                "_ob_glider_nav_pos_x_next_alt": "0%",
                "structure": "20",
                "background_background": "gradient",
                "background_color": "#0B2347",
                "background_color_b": "#0A3967",
                "background_overlay_background": "classic",
                "background_overlay_image": {
                    "url": "https:\/\/demo.moxcreative.com\/eunoia\/wp-content\/uploads\/sites\/18\/2021\/03\/Header_memphis_1.png",
                    "id": 876
                },
                "background_overlay_position": "top right",
                "background_overlay_repeat": "no-repeat",
                "background_overlay_size": "initial",
                "padding": {
                    "unit": "em",
                    "top": "15",
                    "right": "0",
                    "bottom": "5",
                    "left": "0",
                    "isLinked": false
                },
                "background_gradient_angle": {
                    "unit": "deg",
                    "size": 360,
                    "sizes": []
                },
                "background_gradient_type": "radial",
                "background_gradient_position": "bottom left",
                "background_overlay_size_tablet": "initial",
                "background_overlay_size_mobile": "cover",
                "background_overlay_bg_width_tablet": {
                    "unit": "em",
                    "size": "",
                    "sizes": []
                },
                "background_overlay_bg_width_mobile": {
                    "unit": "%",
                    "size": 250,
                    "sizes": []
                },
                "padding_tablet": {
                    "unit": "em",
                    "top": "10",
                    "right": "2",
                    "bottom": "5",
                    "left": "2",
                    "isLinked": false
                }
            },
            "elements": [
                {
                    "id": "7d2b2886",
                    "settings": {
                        "_column_size": 50,
                        "_inline_size": 65
                    },
                    "elements": [
                        {
                            "id": "1e696f28",
                            "settings": {
                                "title": "Add Your Heading Text Here",
                                "header_size": "h1",
                                "__dynamic__": {
                                    "title": "[elementor-tag id=\"2c9ab0b\" name=\"post-title\" settings=\"%7B%7D\"]"
                                },
                                "align_mobile": "center"
                            },
                            "elements": [],
                            "isInner": false,
                            "widgetType": "heading",
                            "elType": "widget"
                        }
                    ],
                    "isInner": false,
                    "elType": "column"
                },
                {
                    "id": "633c50f2",
                    "settings": {
                        "_column_size": 50,
                        "_inline_size": 35
                    },
                    "elements": [
                        {
                            "id": "56e2686c",
                            "settings": {
                                "view": "inline",
                                "icon_list": [
                                    {
                                        "text": "Home",
                                        "selected_icon": {
                                            "value": "",
                                            "library": ""
                                        },
                                        "_id": "959003a"
                                    },
                                    {
                                        "text": "List Item #2",
                                        "selected_icon": {
                                            "value": "icon icon-chevron-right",
                                            "library": "ekiticons"
                                        },
                                        "_id": "9c45e8f",
                                        "__dynamic__": {
                                            "text": "[elementor-tag id=\"4b846c7\" name=\"post-title\" settings=\"%7B%7D\"]"
                                        }
                                    }
                                ],
                                "space_between": {
                                    "unit": "px",
                                    "size": 16,
                                    "sizes": []
                                },
                                "icon_align": "right",
                                "icon_align_mobile": "center",
                                "text_indent": {
                                    "unit": "px",
                                    "size": 16,
                                    "sizes": []
                                }
                            },
                            "elements": [],
                            "isInner": false,
                            "widgetType": "icon-list",
                            "elType": "widget"
                        }
                    ],
                    "isInner": false,
                    "elType": "column"
                }
            ],
            "isInner": false,
            "elType": "section"
        },
        {
            "id": "4ffd1fe2",
            "settings": {
                "content_position": "middle",
                "_ob_glider_nav_pos_y_alt": "50% - 25px",
                "_ob_glider_nav_pos_x_prev_alt": "0%",
                "_ob_glider_nav_pos_x_next_alt": "0%",
                "structure": "20",
                "padding": {
                    "unit": "em",
                    "top": "5",
                    "right": "0",
                    "bottom": "5",
                    "left": "0",
                    "isLinked": false
                },
                "padding_mobile": {
                    "unit": "em",
                    "top": "0",
                    "right": "0",
                    "bottom": "0",
                    "left": "0",
                    "isLinked": false
                }
            },
            "elements": [
                {
                    "id": "7045bedf",
                    "settings": {
                        "_column_size": 50,
                        "_inline_size": 40,
                        "padding": {
                            "unit": "em",
                            "top": "2",
                            "right": "2",
                            "bottom": "2",
                            "left": "2",
                            "isLinked": true
                        },
                        "animation": "fadeInLeft",
                        "_inline_size_tablet": 50,
                        "padding_mobile": {
                            "unit": "em",
                            "top": "1",
                            "right": "1",
                            "bottom": "1",
                            "left": "1",
                            "isLinked": true
                        }
                    },
                    "elements": [
                        {
                            "id": "1f70db6c",
                            "settings": {
                                "title": "Welcome",
                                "header_size": "h6",
                                "align_mobile": "center"
                            },
                            "elements": [],
                            "isInner": false,
                            "widgetType": "heading",
                            "elType": "widget"
                        },
                        {
                            "id": "43423ae9",
                            "settings": {
                                "title": "Let's Make Better World With Technology",
                                "align_mobile": "center"
                            },
                            "elements": [],
                            "isInner": false,
                            "widgetType": "heading",
                            "elType": "widget"
                        },
                        {
                            "id": "4bc7de41",
                            "settings": {
                                "align_mobile": "center"
                            },
                            "elements": [],
                            "isInner": false,
                            "widgetType": "text-editor",
                            "elType": "widget"
                        },
                        {
                            "id": "206bba69",
                            "settings": {
                                "text": "Discover More",
                                "size": "md",
                                "selected_icon": {
                                    "value": "fas fa-chevron-right",
                                    "library": "fa-solid"
                                },
                                "icon_align": "right",
                                "icon_indent": {
                                    "unit": "px",
                                    "size": 16,
                                    "sizes": []
                                },
                                "align_mobile": "center"
                            },
                            "elements": [],
                            "isInner": false,
                            "widgetType": "button",
                            "elType": "widget"
                        }
                    ],
                    "isInner": false,
                    "elType": "column"
                },
                {
                    "id": "14e44fec",
                    "settings": {
                        "_column_size": 50,
                        "_inline_size": 60,
                        "animation": "fadeInUp",
                        "_inline_size_tablet": 50
                    },
                    "elements": [
                        {
                            "id": "12059e4a",
                            "settings": {
                                "image": {
                                    "url": "https:\/\/demo.moxcreative.com\/eunoia\/wp-content\/uploads\/sites\/18\/2021\/03\/programmer-working-on-laptop-computer-technology.jpg",
                                    "id": 1229
                                },
                                "image_size": "full",
                                "css_filters_css_filter": "custom",
                                "css_filters_saturate": {
                                    "unit": "px",
                                    "size": 25,
                                    "sizes": []
                                },
                                "css_filters_hover_css_filter": "custom",
                                "image_border_radius": {
                                    "unit": "px",
                                    "top": "10",
                                    "right": "10",
                                    "bottom": "10",
                                    "left": "10",
                                    "isLinked": true
                                },
                                "_padding": {
                                    "unit": "em",
                                    "top": "",
                                    "right": "",
                                    "bottom": "",
                                    "left": "",
                                    "isLinked": true
                                },
                                "_background_background": "classic",
                                "_background_position": "bottom right",
                                "_background_repeat": "no-repeat",
                                "_background_size": "initial",
                                "_background_bg_width": {
                                    "unit": "%",
                                    "size": 20,
                                    "sizes": []
                                }
                            },
                            "elements": [],
                            "isInner": false,
                            "widgetType": "image",
                            "elType": "widget"
                        },
                        {
                            "id": "47bdfea6",
                            "settings": {
                                "image": {
                                    "url": "https:\/\/demo.moxcreative.com\/eunoia\/wp-content\/uploads\/sites\/18\/2021\/03\/rounded_1.png",
                                    "id": 762
                                },
                                "image_size": "custom",
                                "image_custom_dimension": {
                                    "width": "100",
                                    "height": ""
                                },
                                "motion_fx_motion_fx_mouse": "yes",
                                "motion_fx_mouseTrack_effect": "yes",
                                "motion_fx_mouseTrack_speed": {
                                    "unit": "px",
                                    "size": 0.1000000000000000055511151231257827021181583404541015625,
                                    "sizes": []
                                },
                                "_animation": "zoomIn",
                                "_element_width": "auto",
                                "_position": "absolute",
                                "_offset_x": {
                                    "size": -12,
                                    "unit": "px"
                                },
                                "_offset_y": {
                                    "size": -24,
                                    "unit": "px"
                                },
                                "width_mobile": {
                                    "unit": "%",
                                    "size": 40,
                                    "sizes": []
                                }
                            },
                            "elements": [],
                            "isInner": false,
                            "widgetType": "image",
                            "elType": "widget"
                        }
                    ],
                    "isInner": false,
                    "elType": "column"
                }
            ],
            "isInner": false,
            "elType": "section"
        },
        {
            "id": "7db53974",
            "settings": {
                "layout": "full_width",
                "gap": "no",
                "content_position": "middle",
                "_ob_glider_nav_pos_y_alt": "50% - 25px",
                "_ob_glider_nav_pos_x_prev_alt": "0%",
                "_ob_glider_nav_pos_x_next_alt": "0%",
                "structure": "20",
                "background_background": "classic",
                "background_color": "#091D42",
                "background_overlay_background": "classic",
                "background_overlay_image": {
                    "url": "https:\/\/demo.moxcreative.com\/eunoia\/wp-content\/uploads\/sites\/18\/2021\/03\/bg_memphis_1.png",
                    "id": 935
                },
                "background_overlay_position": "center right",
                "background_overlay_repeat": "no-repeat",
                "background_overlay_size": "contain",
                "background_overlay_opacity": {
                    "unit": "px",
                    "size": 0.299999999999999988897769753748434595763683319091796875,
                    "sizes": []
                }
            },
            "elements": [
                {
                    "id": "625dbd88",
                    "settings": {
                        "_column_size": 50,
                        "_inline_size": null,
                        "animation": "fadeInLeft",
                        "_inline_size_tablet": 100
                    },
                    "elements": [
                        {
                            "id": "47d3f537",
                            "settings": {
                                "image": {
                                    "url": "https:\/\/demo.moxcreative.com\/eunoia\/wp-content\/uploads\/sites\/18\/2021\/03\/young-hacker-making-a-dangerous-virus-for-cyber-attacks.jpg",
                                    "id": 1047
                                },
                                "width": {
                                    "unit": "%",
                                    "size": 100,
                                    "sizes": []
                                },
                                "height": {
                                    "unit": "vh",
                                    "size": 75,
                                    "sizes": []
                                },
                                "object-fit": "cover",
                                "_ob_photogiraffe_use": "",
                                "width_tablet": {
                                    "unit": "%",
                                    "size": 100,
                                    "sizes": []
                                },
                                "height_tablet": {
                                    "unit": "vh",
                                    "size": 50,
                                    "sizes": []
                                }
                            },
                            "elements": [],
                            "isInner": false,
                            "widgetType": "image",
                            "elType": "widget"
                        }
                    ],
                    "isInner": false,
                    "elType": "column"
                },
                {
                    "id": "5c159554",
                    "settings": {
                        "_column_size": 50,
                        "_inline_size": null,
                        "_ob_bbad_column_max_width": "650px",
                        "_ob_bbad_column_height": {
                            "unit": "vh",
                            "size": 60,
                            "sizes": []
                        },
                        "_ob_bbad_column_vert_align": "flex-end",
                        "background_background": "classic",
                        "background_color": "#0B2347",
                        "border_radius": {
                            "unit": "px",
                            "top": "10",
                            "right": "10",
                            "bottom": "10",
                            "left": "10",
                            "isLinked": true
                        },
                        "margin": {
                            "unit": "px",
                            "top": "0",
                            "right": "0",
                            "bottom": "0",
                            "left": "-100",
                            "isLinked": false
                        },
                        "padding": {
                            "unit": "em",
                            "top": "3",
                            "right": "3",
                            "bottom": "3",
                            "left": "3",
                            "isLinked": true
                        },
                        "animation": "fadeInRight",
                        "_inline_size_tablet": 100,
                        "_ob_bbad_column_max_width_tablet": "100%",
                        "_ob_bbad_column_height_tablet": {
                            "unit": "vh",
                            "size": 35,
                            "sizes": []
                        },
                        "_ob_bbad_column_height_mobile": {
                            "unit": "vh",
                            "size": 75,
                            "sizes": []
                        },
                        "margin_tablet": {
                            "unit": "px",
                            "top": "0",
                            "right": "0",
                            "bottom": "0",
                            "left": "0",
                            "isLinked": true
                        },
                        "margin_mobile": {
                            "unit": "px",
                            "top": "0",
                            "right": "0",
                            "bottom": "0",
                            "left": "0",
                            "isLinked": true
                        },
                        "padding_mobile": {
                            "unit": "em",
                            "top": "1",
                            "right": "1",
                            "bottom": "1",
                            "left": "1",
                            "isLinked": true
                        }
                    },
                    "elements": [
                        {
                            "id": "4313147d",
                            "settings": {
                                "title": "History",
                                "header_size": "h6",
                                "align_mobile": "center"
                            },
                            "elements": [],
                            "isInner": false,
                            "widgetType": "heading",
                            "elType": "widget"
                        },
                        {
                            "id": "1c6f51a4",
                            "settings": {
                                "title": "We help brands and companies stand out in the digital age",
                                "align_mobile": "center"
                            },
                            "elements": [],
                            "isInner": false,
                            "widgetType": "heading",
                            "elType": "widget"
                        },
                        {
                            "id": "28adfc14",
                            "settings": {
                                "editor": "<p>Letius magnis finibus volutpat dictumst faucibus. Natoque taciti sed elementum vivamus adipiscing tincidunt ac. Laoreet taciti parturient magna. Fames dictumst nisl nam accumsan non lacinia ac. Molestie neque pellentesque volutpat libero facilisi ad. Mauris non tempor taciti vivamus tincidunt et. Tempor leo mauris laoreet consequat blandit.<\/p><p>Habitant dui congue odio eget. Proin aliquam cras quam platea mattis. Semper tempus in hac iaculis mauris nunc dictumst. Cursus vehicula sodales est commodo iaculis dictumst.<\/p>",
                                "text_columns": "1",
                                "column_gap": {
                                    "unit": "em",
                                    "size": 2,
                                    "sizes": []
                                },
                                "align": "justify",
                                "drop_cap_space": {
                                    "unit": "px",
                                    "size": 15,
                                    "sizes": []
                                }
                            },
                            "elements": [],
                            "isInner": false,
                            "widgetType": "text-editor",
                            "elType": "widget"
                        }
                    ],
                    "isInner": false,
                    "elType": "column"
                }
            ],
            "isInner": false,
            "elType": "section"
        },
        {
            "id": "1f57a739",
            "settings": {
                "content_position": "middle",
                "_ob_glider_nav_pos_y_alt": "50% - 25px",
                "_ob_glider_nav_pos_x_prev_alt": "0%",
                "_ob_glider_nav_pos_x_next_alt": "0%",
                "background_background": "classic",
                "background_overlay_background": "classic",
                "background_overlay_position": "center right",
                "background_overlay_repeat": "no-repeat",
                "background_overlay_opacity": {
                    "unit": "px",
                    "size": 0.299999999999999988897769753748434595763683319091796875,
                    "sizes": []
                },
                "padding": {
                    "unit": "em",
                    "top": "5",
                    "right": "0",
                    "bottom": "5",
                    "left": "0",
                    "isLinked": false
                },
                "background_overlay_size": "contain",
                "background_overlay_bg_width": {
                    "unit": "%",
                    "size": 48,
                    "sizes": []
                },
                "box_shadow_box_shadow": {
                    "horizontal": -100,
                    "vertical": 5,
                    "blur": 200,
                    "spread": 100,
                    "color": "rgba(0, 0, 0, 0.5)"
                },
                "box_shadow_box_shadow_position": "inset",
                "padding_mobile": {
                    "unit": "em",
                    "top": "2",
                    "right": "0",
                    "bottom": "2",
                    "left": "0",
                    "isLinked": false
                },
                "padding_tablet": {
                    "unit": "em",
                    "top": "0",
                    "right": "0",
                    "bottom": "0",
                    "left": "0",
                    "isLinked": false
                }
            },
            "elements": [
                {
                    "id": "622e7218",
                    "settings": {
                        "_column_size": 100,
                        "_inline_size": null,
                        "_inline_size_tablet": 100,
                        "padding_tablet": {
                            "unit": "em",
                            "top": "2",
                            "right": "2",
                            "bottom": "2",
                            "left": "2",
                            "isLinked": true
                        },
                        "padding_mobile": {
                            "unit": "em",
                            "top": "0",
                            "right": "0",
                            "bottom": "0",
                            "left": "0",
                            "isLinked": true
                        }
                    },
                    "elements": [
                        {
                            "id": "417b3a4f",
                            "settings": {
                                "title": "Our Culture",
                                "header_size": "h6",
                                "align": "center"
                            },
                            "elements": [],
                            "isInner": false,
                            "widgetType": "heading",
                            "elType": "widget"
                        },
                        {
                            "id": "c2d6e3b",
                            "settings": {
                                "title": "Our Fundamental Business",
                                "align": "center"
                            },
                            "elements": [],
                            "isInner": false,
                            "widgetType": "heading",
                            "elType": "widget"
                        },
                        {
                            "id": "58c3b361",
                            "settings": {
                                "_ob_bbad_inner_width": "100%",
                                "_ob_glider_nav_pos_y_alt": "50% - 25px",
                                "_ob_glider_nav_pos_x_prev_alt": "0%",
                                "_ob_glider_nav_pos_x_next_alt": "0%",
                                "structure": "30",
                                "padding": {
                                    "unit": "em",
                                    "top": "0",
                                    "right": "0",
                                    "bottom": "0",
                                    "left": "0",
                                    "isLinked": false
                                },
                                "margin": {
                                    "unit": "em",
                                    "top": "1",
                                    "right": 0,
                                    "bottom": "5",
                                    "left": 0,
                                    "isLinked": false
                                },
                                "margin_mobile": {
                                    "unit": "em",
                                    "top": "0",
                                    "right": 0,
                                    "bottom": "2",
                                    "left": 0,
                                    "isLinked": false
                                }
                            },
                            "elements": [
                                {
                                    "id": "4a30b40",
                                    "settings": {
                                        "_column_size": 33,
                                        "_inline_size": null,
                                        "padding_mobile": {
                                            "unit": "em",
                                            "top": "",
                                            "right": "",
                                            "bottom": "",
                                            "left": "",
                                            "isLinked": true
                                        }
                                    },
                                    "elements": [
                                        {
                                            "id": "19637ee9",
                                            "settings": {
                                                "ekit_icon_box_header_icons": {
                                                    "value": "icon icon-star",
                                                    "library": "ekiticons"
                                                },
                                                "ekit_icon_box_title_text": "Vision",
                                                "ekit_icon_box_description_text": "Vivamus posuere suscipit nulla maecenas et dapibus eros diam nec consequat aptent",
                                                "ekit_icon_box_btn_text": "Learn more ",
                                                "ekit_icon_box_show_global_link": "",
                                                "ekit_icon_box_water_mark_icons": {
                                                    "value": "icon icon-map-marker1",
                                                    "library": "ekiticons"
                                                },
                                                "ekit_icon_box_badge_title": "EXCLUSIVE",
                                                "ekit_icon_box_infobox_bg_group_background": "classic",
                                                "ekit_icon_box_infobox_bg_group_color": "#091D42",
                                                "ekit_icon_box_infobox_bg_group_color_b": "#0A3967",
                                                "ekit_icon_box_infobox_bg_group_gradient_angle": {
                                                    "unit": "deg",
                                                    "size": 135,
                                                    "sizes": []
                                                },
                                                "ekit_icon_box_infobox_bg_padding": {
                                                    "unit": "em",
                                                    "top": "2",
                                                    "right": "2",
                                                    "bottom": "2",
                                                    "left": "2",
                                                    "isLinked": true
                                                },
                                                "ekit_icon_box_infobox_bg_padding_tablet": {
                                                    "unit": "em",
                                                    "top": "1",
                                                    "right": "1",
                                                    "bottom": "1",
                                                    "left": "1",
                                                    "isLinked": true
                                                },
                                                "ekit_icon_box_iocnbox_border_group_border": "solid",
                                                "ekit_icon_box_iocnbox_border_group_width": {
                                                    "unit": "px",
                                                    "top": "1",
                                                    "right": "1",
                                                    "bottom": "1",
                                                    "left": "1",
                                                    "isLinked": true
                                                },
                                                "ekit_icon_box_iocnbox_border_group_color": "#0A3967",
                                                "ekit_icon_box_infobox_border_radious": {
                                                    "unit": "px",
                                                    "top": "10",
                                                    "right": "10",
                                                    "bottom": "10",
                                                    "left": "10",
                                                    "isLinked": true
                                                },
                                                "ekit_icon_title_color": "",
                                                "ekit_icon_title_color_hover": "",
                                                "ekit_icon_description_color": "",
                                                "ekit_icon_description_color_hover": "",
                                                "ekit_icon_box_watermark_color": "#0A3967",
                                                "ekit_icon_box_icon_primary_color": "#2CD97B",
                                                "ekit_icon_box_text_align_responsive": "center",
                                                "_animation": "fadeInLeft",
                                                "enable_equal_height": "enable",
                                                "ekit_icon_box_enable_header_icon": "image",
                                                "ekit_icon_box_header_image": {
                                                    "url": "https:\/\/demo.moxcreative.com\/eunoia\/wp-content\/uploads\/sites\/18\/2021\/03\/Fingerprint.png",
                                                    "id": 1286
                                                }
                                            },
                                            "elements": [],
                                            "isInner": false,
                                            "widgetType": "elementskit-icon-box",
                                            "elType": "widget"
                                        }
                                    ],
                                    "isInner": true,
                                    "elType": "column"
                                },
                                {
                                    "id": "1647f2a1",
                                    "settings": {
                                        "_column_size": 33,
                                        "_inline_size": null
                                    },
                                    "elements": [
                                        {
                                            "id": "5fb0d7cb",
                                            "settings": {
                                                "ekit_icon_box_header_icons": {
                                                    "value": "icon icon-flower",
                                                    "library": "ekiticons"
                                                },
                                                "ekit_icon_box_title_text": "Mission",
                                                "ekit_icon_box_description_text": "Vivamus posuere suscipit nulla maecenas et dapibus eros diam nec consequat aptent",
                                                "ekit_icon_box_btn_text": "Learn more ",
                                                "ekit_icon_box_show_global_link": "",
                                                "ekit_icon_box_water_mark_icons": {
                                                    "value": "icon icon-map-marker1",
                                                    "library": "ekiticons"
                                                },
                                                "ekit_icon_box_badge_title": "EXCLUSIVE",
                                                "ekit_icon_box_infobox_bg_group_background": "classic",
                                                "ekit_icon_box_infobox_bg_group_color": "#091D42",
                                                "ekit_icon_box_infobox_bg_group_color_b": "#0A3967",
                                                "ekit_icon_box_infobox_bg_group_gradient_angle": {
                                                    "unit": "deg",
                                                    "size": 135,
                                                    "sizes": []
                                                },
                                                "ekit_icon_box_infobox_bg_padding": {
                                                    "unit": "em",
                                                    "top": "2",
                                                    "right": "2",
                                                    "bottom": "2",
                                                    "left": "2",
                                                    "isLinked": true
                                                },
                                                "ekit_icon_box_infobox_bg_padding_tablet": {
                                                    "unit": "em",
                                                    "top": "1",
                                                    "right": "1",
                                                    "bottom": "1",
                                                    "left": "1",
                                                    "isLinked": true
                                                },
                                                "ekit_icon_box_iocnbox_border_group_border": "solid",
                                                "ekit_icon_box_iocnbox_border_group_width": {
                                                    "unit": "px",
                                                    "top": "1",
                                                    "right": "1",
                                                    "bottom": "1",
                                                    "left": "1",
                                                    "isLinked": true
                                                },
                                                "ekit_icon_box_iocnbox_border_group_color": "#0A3967",
                                                "ekit_icon_box_infobox_border_radious": {
                                                    "unit": "px",
                                                    "top": "10",
                                                    "right": "10",
                                                    "bottom": "10",
                                                    "left": "10",
                                                    "isLinked": true
                                                },
                                                "ekit_icon_title_color": "",
                                                "ekit_icon_title_color_hover": "",
                                                "ekit_icon_description_color": "",
                                                "ekit_icon_description_color_hover": "",
                                                "ekit_icon_box_watermark_color": "#0A3967",
                                                "ekit_icon_box_icon_primary_color": "#2CD97B",
                                                "ekit_icon_box_text_align_responsive": "center",
                                                "_animation": "fadeInLeft",
                                                "enable_equal_height": "enable",
                                                "ekit_icon_box_enable_header_icon": "image",
                                                "ekit_icon_box_header_image": {
                                                    "url": "https:\/\/demo.moxcreative.com\/eunoia\/wp-content\/uploads\/sites\/18\/2021\/03\/Processor.png",
                                                    "id": 1075
                                                }
                                            },
                                            "elements": [],
                                            "isInner": false,
                                            "widgetType": "elementskit-icon-box",
                                            "elType": "widget"
                                        }
                                    ],
                                    "isInner": true,
                                    "elType": "column"
                                },
                                {
                                    "id": "818e503",
                                    "settings": {
                                        "_column_size": 33,
                                        "_inline_size": null
                                    },
                                    "elements": [
                                        {
                                            "id": "7cb7f4d9",
                                            "settings": {
                                                "ekit_icon_box_title_text": "Motto",
                                                "ekit_icon_box_description_text": "Vivamus posuere suscipit nulla maecenas et dapibus eros diam nec consequat aptent",
                                                "ekit_icon_box_btn_text": "Learn more ",
                                                "ekit_icon_box_show_global_link": "",
                                                "ekit_icon_box_water_mark_icons": {
                                                    "value": "icon icon-map-marker1",
                                                    "library": "ekiticons"
                                                },
                                                "ekit_icon_box_badge_title": "EXCLUSIVE",
                                                "ekit_icon_box_infobox_bg_group_background": "classic",
                                                "ekit_icon_box_infobox_bg_group_color": "#091D42",
                                                "ekit_icon_box_infobox_bg_group_color_b": "#0A3967",
                                                "ekit_icon_box_infobox_bg_group_gradient_angle": {
                                                    "unit": "deg",
                                                    "size": 135,
                                                    "sizes": []
                                                },
                                                "ekit_icon_box_infobox_bg_padding": {
                                                    "unit": "em",
                                                    "top": "2",
                                                    "right": "2",
                                                    "bottom": "2",
                                                    "left": "2",
                                                    "isLinked": true
                                                },
                                                "ekit_icon_box_infobox_bg_padding_tablet": {
                                                    "unit": "em",
                                                    "top": "1",
                                                    "right": "1",
                                                    "bottom": "1",
                                                    "left": "1",
                                                    "isLinked": true
                                                },
                                                "ekit_icon_box_iocnbox_border_group_border": "solid",
                                                "ekit_icon_box_iocnbox_border_group_width": {
                                                    "unit": "px",
                                                    "top": "1",
                                                    "right": "1",
                                                    "bottom": "1",
                                                    "left": "1",
                                                    "isLinked": true
                                                },
                                                "ekit_icon_box_iocnbox_border_group_color": "#0A3967",
                                                "ekit_icon_box_infobox_border_radious": {
                                                    "unit": "px",
                                                    "top": "10",
                                                    "right": "10",
                                                    "bottom": "10",
                                                    "left": "10",
                                                    "isLinked": true
                                                },
                                                "ekit_icon_title_color": "",
                                                "ekit_icon_title_color_hover": "",
                                                "ekit_icon_description_color": "",
                                                "ekit_icon_description_color_hover": "",
                                                "ekit_icon_box_watermark_color": "#0A3967",
                                                "ekit_icon_box_icon_primary_color": "#2CD97B",
                                                "ekit_icon_box_text_align_responsive": "center",
                                                "_animation": "fadeInLeft",
                                                "enable_equal_height": "enable",
                                                "ekit_icon_box_enable_header_icon": "image",
                                                "ekit_icon_box_header_image": {
                                                    "url": "https:\/\/demo.moxcreative.com\/eunoia\/wp-content\/uploads\/sites\/18\/2021\/03\/Fingerprint.png",
                                                    "id": 1286
                                                }
                                            },
                                            "elements": [],
                                            "isInner": false,
                                            "widgetType": "elementskit-icon-box",
                                            "elType": "widget"
                                        }
                                    ],
                                    "isInner": true,
                                    "elType": "column"
                                }
                            ],
                            "isInner": true,
                            "elType": "section"
                        },
                        {
                            "id": "6f7464a2",
                            "settings": {
                                "title": "Our Achievements",
                                "header_size": "h6",
                                "align": "center",
                                "_animation": "fadeInUp"
                            },
                            "elements": [],
                            "isInner": false,
                            "widgetType": "heading",
                            "elType": "widget"
                        },
                        {
                            "id": "15a01dd3",
                            "settings": {
                                "title": "Our Prestigious Award",
                                "align": "center",
                                "_animation": "fadeInUp"
                            },
                            "elements": [],
                            "isInner": false,
                            "widgetType": "heading",
                            "elType": "widget"
                        },
                        {
                            "id": "423c546b",
                            "settings": {
                                "align": "center",
                                "_animation": "fadeInUp"
                            },
                            "elements": [],
                            "isInner": false,
                            "widgetType": "text-editor",
                            "elType": "widget"
                        },
                        {
                            "id": "5af93218",
                            "settings": {
                                "carousel": [
                                    {
                                        "id": 1510,
                                        "url": "https:\/\/demo.moxcreative.com\/eunoia\/wp-content\/uploads\/sites\/18\/2021\/03\/logo-21_w.png"
                                    },
                                    {
                                        "id": 1509,
                                        "url": "https:\/\/demo.moxcreative.com\/eunoia\/wp-content\/uploads\/sites\/18\/2021\/03\/logo-20_w.png"
                                    },
                                    {
                                        "id": 1508,
                                        "url": "https:\/\/demo.moxcreative.com\/eunoia\/wp-content\/uploads\/sites\/18\/2021\/03\/logo-20-2.png"
                                    },
                                    {
                                        "id": 1507,
                                        "url": "https:\/\/demo.moxcreative.com\/eunoia\/wp-content\/uploads\/sites\/18\/2021\/03\/logo-20-1.png"
                                    },
                                    {
                                        "id": 1506,
                                        "url": "https:\/\/demo.moxcreative.com\/eunoia\/wp-content\/uploads\/sites\/18\/2021\/03\/logo-19_w.png"
                                    },
                                    {
                                        "id": 1505,
                                        "url": "https:\/\/demo.moxcreative.com\/eunoia\/wp-content\/uploads\/sites\/18\/2021\/03\/Layer-10.png"
                                    }
                                ],
                                "thumbnail_size": "full",
                                "slides_to_show": "4",
                                "slides_to_scroll": "4",
                                "navigation": "none",
                                "_ob_kontrolz_nav_pos_y_alt": "50% - 25px",
                                "_ob_kontrolz_nav_pos_x_prev_alt": "0%",
                                "_ob_kontrolz_nav_pos_x_next_alt": "0%",
                                "gallery_vertical_align": "center",
                                "image_spacing": "custom",
                                "_animation": "fadeInUp",
                                "slides_to_show_tablet": "4",
                                "slides_to_show_mobile": "3",
                                "slides_to_scroll_tablet": "4",
                                "slides_to_scroll_mobile": "3",
                                "_padding_mobile": {
                                    "unit": "em",
                                    "top": "1",
                                    "right": "1",
                                    "bottom": "1",
                                    "left": "1",
                                    "isLinked": true
                                }
                            },
                            "elements": [],
                            "isInner": false,
                            "widgetType": "image-carousel",
                            "elType": "widget"
                        }
                    ],
                    "isInner": false,
                    "elType": "column"
                }
            ],
            "isInner": false,
            "elType": "section"
        },
        {
            "id": "22952007",
            "settings": {
                "content_position": "middle",
                "_ob_glider_nav_pos_y_alt": "50% - 25px",
                "_ob_glider_nav_pos_x_prev_alt": "0%",
                "_ob_glider_nav_pos_x_next_alt": "0%",
                "structure": "20",
                "background_background": "classic",
                "background_color": "#091D42",
                "background_overlay_background": "classic",
                "background_overlay_image": {
                    "url": "https:\/\/demo.moxcreative.com\/eunoia\/wp-content\/uploads\/sites\/18\/2021\/03\/star_memphis.png",
                    "id": 811
                },
                "background_overlay_position": "top left",
                "background_overlay_repeat": "no-repeat",
                "background_overlay_size": "initial",
                "background_overlay_bg_width": {
                    "unit": "%",
                    "size": 10,
                    "sizes": []
                },
                "background_overlay_opacity": {
                    "unit": "px",
                    "size": 0.299999999999999988897769753748434595763683319091796875,
                    "sizes": []
                },
                "padding": {
                    "unit": "em",
                    "top": "5",
                    "right": "0",
                    "bottom": "5",
                    "left": "0",
                    "isLinked": false
                },
                "padding_tablet": {
                    "unit": "em",
                    "top": "0",
                    "right": "0",
                    "bottom": "0",
                    "left": "0",
                    "isLinked": false
                }
            },
            "elements": [
                {
                    "id": "23582475",
                    "settings": {
                        "_column_size": 50,
                        "_inline_size": 50,
                        "background_background": "classic",
                        "background_color": "#0B2347",
                        "border_radius": {
                            "unit": "px",
                            "top": "10",
                            "right": "10",
                            "bottom": "10",
                            "left": "10",
                            "isLinked": true
                        },
                        "padding": {
                            "unit": "em",
                            "top": "3",
                            "right": "3",
                            "bottom": "3",
                            "left": "3",
                            "isLinked": true
                        },
                        "animation": "fadeInDown",
                        "_inline_size_tablet": 100,
                        "padding_mobile": {
                            "unit": "em",
                            "top": "1",
                            "right": "1",
                            "bottom": "1",
                            "left": "1",
                            "isLinked": true
                        }
                    },
                    "elements": [
                        {
                            "id": "600c6243",
                            "settings": {
                                "title": "Meet Team",
                                "header_size": "h6",
                                "align_tablet": "center"
                            },
                            "elements": [],
                            "isInner": false,
                            "widgetType": "heading",
                            "elType": "widget"
                        },
                        {
                            "id": "30feaf6",
                            "settings": {
                                "title": "Awesome People's Behind Us",
                                "align_tablet": "center"
                            },
                            "elements": [],
                            "isInner": false,
                            "widgetType": "heading",
                            "elType": "widget"
                        },
                        {
                            "id": "213b7930",
                            "settings": {
                                "align_tablet": "center"
                            },
                            "elements": [],
                            "isInner": false,
                            "widgetType": "text-editor",
                            "elType": "widget"
                        },
                        {
                            "id": "4b9711bb",
                            "settings": {
                                "text": "More Team",
                                "size": "md",
                                "selected_icon": {
                                    "value": "fas fa-chevron-right",
                                    "library": "fa-solid"
                                },
                                "icon_align": "right",
                                "icon_indent": {
                                    "unit": "px",
                                    "size": 16,
                                    "sizes": []
                                },
                                "align_tablet": "center"
                            },
                            "elements": [],
                            "isInner": false,
                            "widgetType": "button",
                            "elType": "widget"
                        }
                    ],
                    "isInner": false,
                    "elType": "column"
                },
                {
                    "id": "2b85bbbd",
                    "settings": {
                        "_column_size": 50,
                        "_inline_size": 50,
                        "animation": "fadeInUp",
                        "_inline_size_tablet": 100
                    },
                    "elements": [
                        {
                            "id": "6181cb1a",
                            "settings": {
                                "_ob_bbad_inner_width": "100%",
                                "_ob_glider_nav_pos_y_alt": "50% - 25px",
                                "_ob_glider_nav_pos_x_prev_alt": "0%",
                                "_ob_glider_nav_pos_x_next_alt": "0%",
                                "structure": "20"
                            },
                            "elements": [
                                {
                                    "id": "3e81b4d8",
                                    "settings": {
                                        "_column_size": 50,
                                        "_inline_size": null,
                                        "_inline_size_mobile": 50
                                    },
                                    "elements": [
                                        {
                                            "id": "6c5a7709",
                                            "settings": {
                                                "skin": "cover",
                                                "bg_image": {
                                                    "url": "https:\/\/demo.moxcreative.com\/eunoia\/wp-content\/uploads\/sites\/18\/2021\/03\/man-in-cafe-e1616633881368.jpg",
                                                    "id": 945
                                                },
                                                "bg_image_size": "full",
                                                "title": "Rogelio C Jost",
                                                "description": "Founder",
                                                "title_tag": "h4",
                                                "button": "",
                                                "ribbon_horizontal_position": "right",
                                                "min-height": {
                                                    "unit": "px",
                                                    "size": 350,
                                                    "sizes": []
                                                },
                                                "min-height_tablet": {
                                                    "unit": "px",
                                                    "size": 500,
                                                    "sizes": []
                                                },
                                                "min-height_mobile": {
                                                    "unit": "px",
                                                    "size": 225,
                                                    "sizes": []
                                                },
                                                "vertical_position": "bottom",
                                                "content_animation": "fade-in",
                                                "content_animation_duration": {
                                                    "unit": "px",
                                                    "size": 500,
                                                    "sizes": []
                                                },
                                                "bg_filters_css_filter": "custom",
                                                "bg_filters_saturate": {
                                                    "unit": "px",
                                                    "size": 25,
                                                    "sizes": []
                                                },
                                                "overlay_color_hover": "#0B234780",
                                                "bg_filters_hover_css_filter": "custom",
                                                "effect_duration": {
                                                    "unit": "px",
                                                    "size": 500,
                                                    "sizes": []
                                                },
                                                "_border_radius": {
                                                    "unit": "px",
                                                    "top": "5",
                                                    "right": "5",
                                                    "bottom": "5",
                                                    "left": "5",
                                                    "isLinked": true
                                                },
                                                "padding_mobile": {
                                                    "unit": "em",
                                                    "top": "1",
                                                    "right": "1",
                                                    "bottom": "1",
                                                    "left": "1",
                                                    "isLinked": true
                                                }
                                            },
                                            "elements": [],
                                            "isInner": false,
                                            "widgetType": "call-to-action",
                                            "elType": "widget"
                                        }
                                    ],
                                    "isInner": true,
                                    "elType": "column"
                                },
                                {
                                    "id": "17c1d6f4",
                                    "settings": {
                                        "_column_size": 50,
                                        "_inline_size": null,
                                        "_inline_size_mobile": 50
                                    },
                                    "elements": [
                                        {
                                            "id": "2101a2d5",
                                            "settings": {
                                                "skin": "cover",
                                                "bg_image": {
                                                    "url": "https:\/\/demo.moxcreative.com\/eunoia\/wp-content\/uploads\/sites\/18\/2021\/03\/filipino-man-e1616633910732.jpg",
                                                    "id": 946
                                                },
                                                "bg_image_size": "full",
                                                "title": "Michael Picco",
                                                "description": "Co-Founder",
                                                "title_tag": "h4",
                                                "button": "",
                                                "ribbon_horizontal_position": "right",
                                                "min-height": {
                                                    "unit": "px",
                                                    "size": 350,
                                                    "sizes": []
                                                },
                                                "min-height_tablet": {
                                                    "unit": "px",
                                                    "size": 500,
                                                    "sizes": []
                                                },
                                                "min-height_mobile": {
                                                    "unit": "px",
                                                    "size": 225,
                                                    "sizes": []
                                                },
                                                "vertical_position": "bottom",
                                                "content_animation": "fade-in",
                                                "content_animation_duration": {
                                                    "unit": "px",
                                                    "size": 500,
                                                    "sizes": []
                                                },
                                                "bg_filters_css_filter": "custom",
                                                "bg_filters_saturate": {
                                                    "unit": "px",
                                                    "size": 25,
                                                    "sizes": []
                                                },
                                                "overlay_color_hover": "#0B234780",
                                                "bg_filters_hover_css_filter": "custom",
                                                "effect_duration": {
                                                    "unit": "px",
                                                    "size": 500,
                                                    "sizes": []
                                                },
                                                "_border_radius": {
                                                    "unit": "px",
                                                    "top": "5",
                                                    "right": "5",
                                                    "bottom": "5",
                                                    "left": "5",
                                                    "isLinked": true
                                                },
                                                "padding_mobile": {
                                                    "unit": "em",
                                                    "top": "1",
                                                    "right": "1",
                                                    "bottom": "1",
                                                    "left": "1",
                                                    "isLinked": true
                                                }
                                            },
                                            "elements": [],
                                            "isInner": false,
                                            "widgetType": "call-to-action",
                                            "elType": "widget"
                                        }
                                    ],
                                    "isInner": true,
                                    "elType": "column"
                                }
                            ],
                            "isInner": true,
                            "elType": "section"
                        }
                    ],
                    "isInner": false,
                    "elType": "column"
                }
            ],
            "isInner": false,
            "elType": "section"
        },
        {
            "id": "272e545b",
            "settings": {
                "_ob_glider_nav_pos_y_alt": "50% - 25px",
                "_ob_glider_nav_pos_x_prev_alt": "0%",
                "_ob_glider_nav_pos_x_next_alt": "0%",
                "padding": {
                    "unit": "em",
                    "top": "5",
                    "right": "0",
                    "bottom": "5",
                    "left": "0",
                    "isLinked": false
                },
                "padding_tablet": {
                    "unit": "em",
                    "top": "3",
                    "right": "0",
                    "bottom": "0",
                    "left": "0",
                    "isLinked": false
                },
                "padding_mobile": {
                    "unit": "em",
                    "top": "2",
                    "right": "0",
                    "bottom": "0",
                    "left": "0",
                    "isLinked": false
                },
                "animation": "fadeInUp"
            },
            "elements": [
                {
                    "id": "7f46cfa0",
                    "settings": {
                        "_column_size": 100,
                        "_inline_size": null
                    },
                    "elements": [
                        {
                            "id": "793cf8f1",
                            "settings": {
                                "title": "Trusted by International Brand",
                                "header_size": "h4",
                                "align": "center"
                            },
                            "elements": [],
                            "isInner": false,
                            "widgetType": "heading",
                            "elType": "widget"
                        },
                        {
                            "id": "e2c4a98",
                            "settings": {
                                "carousel": [
                                    {
                                        "id": 1032,
                                        "url": "https:\/\/demo.moxcreative.com\/eunoia\/wp-content\/uploads\/sites\/18\/2021\/03\/logo-avontur.png"
                                    },
                                    {
                                        "id": 1033,
                                        "url": "https:\/\/demo.moxcreative.com\/eunoia\/wp-content\/uploads\/sites\/18\/2021\/03\/Logo-Carbon.png"
                                    },
                                    {
                                        "id": 1034,
                                        "url": "https:\/\/demo.moxcreative.com\/eunoia\/wp-content\/uploads\/sites\/18\/2021\/03\/Logo-goovi.png"
                                    },
                                    {
                                        "id": 1035,
                                        "url": "https:\/\/demo.moxcreative.com\/eunoia\/wp-content\/uploads\/sites\/18\/2021\/03\/hasto-logo.png"
                                    },
                                    {
                                        "id": 1037,
                                        "url": "https:\/\/demo.moxcreative.com\/eunoia\/wp-content\/uploads\/sites\/18\/2021\/03\/Logo-Monstra.png"
                                    },
                                    {
                                        "id": 1038,
                                        "url": "https:\/\/demo.moxcreative.com\/eunoia\/wp-content\/uploads\/sites\/18\/2021\/03\/spora-logo_white.png"
                                    }
                                ],
                                "thumbnail_size": "full",
                                "slides_to_show": "6",
                                "slides_to_scroll": "6",
                                "navigation": "none",
                                "_ob_kontrolz_nav_pos_y_alt": "50% - 25px",
                                "_ob_kontrolz_nav_pos_x_prev_alt": "0%",
                                "_ob_kontrolz_nav_pos_x_next_alt": "0%",
                                "gallery_vertical_align": "center",
                                "image_spacing": "custom",
                                "image_spacing_custom": {
                                    "unit": "px",
                                    "size": 50,
                                    "sizes": []
                                },
                                "slides_to_show_tablet": "4",
                                "slides_to_show_mobile": "3",
                                "slides_to_scroll_tablet": "4",
                                "slides_to_scroll_mobile": "3"
                            },
                            "elements": [],
                            "isInner": false,
                            "widgetType": "image-carousel",
                            "elType": "widget"
                        }
                    ],
                    "isInner": false,
                    "elType": "column"
                }
            ],
            "isInner": false,
            "elType": "section"
        }
    ],
    "page_settings": {
        "eael_ext_toc_title": "Table of Contents",
        "template": "elementor_header_footer"
    }
}