{
    "version": "0.4",
    "title": "Blog",
    "type": "page",
    "metadata": {
        "template_type": "single-page",
        "include_in_zip": "1",
        "elementor_pro_required": "1",
        "wp_page_template": "elementor_header_footer"
    },
    "content": [
        {
            "id": "15a9a6bf",
            "settings": {
                "content_position": "middle",
                "_ob_glider_nav_pos_y_alt": "50% - 25px",
                "_ob_glider_nav_pos_x_prev_alt": "0%",
                "_ob_glider_nav_pos_x_next_alt": "0%",
                "structure": "20",
                "background_background": "gradient",
                "background_color": "#0B2347",
                "background_color_b": "#0A3967",
                "background_overlay_background": "classic",
                "background_overlay_image": {
                    "url": "https:\/\/demo.moxcreative.com\/eunoia\/wp-content\/uploads\/sites\/18\/2021\/03\/Header_memphis_1.png",
                    "id": 876
                },
                "background_overlay_position": "top right",
                "background_overlay_repeat": "no-repeat",
                "background_overlay_size": "initial",
                "padding": {
                    "unit": "em",
                    "top": "15",
                    "right": "0",
                    "bottom": "5",
                    "left": "0",
                    "isLinked": false
                },
                "background_gradient_angle": {
                    "unit": "deg",
                    "size": 360,
                    "sizes": []
                },
                "background_gradient_type": "radial",
                "background_gradient_position": "bottom left",
                "background_overlay_size_mobile": "cover",
                "background_overlay_bg_width_mobile": {
                    "unit": "%",
                    "size": 250,
                    "sizes": []
                },
                "background_overlay_size_tablet": "initial",
                "background_overlay_bg_width_tablet": {
                    "unit": "em",
                    "size": "",
                    "sizes": []
                },
                "padding_tablet": {
                    "unit": "em",
                    "top": "10",
                    "right": "2",
                    "bottom": "5",
                    "left": "2",
                    "isLinked": false
                }
            },
            "elements": [
                {
                    "id": "766a26f7",
                    "settings": {
                        "_column_size": 50,
                        "_inline_size": 65
                    },
                    "elements": [
                        {
                            "id": "4dce2b97",
                            "settings": {
                                "title": "Add Your Heading Text Here",
                                "header_size": "h1",
                                "__dynamic__": {
                                    "title": "[elementor-tag id=\"2c9ab0b\" name=\"post-title\" settings=\"%7B%7D\"]"
                                },
                                "align_mobile": "center"
                            },
                            "elements": [],
                            "isInner": false,
                            "widgetType": "heading",
                            "elType": "widget"
                        }
                    ],
                    "isInner": false,
                    "elType": "column"
                },
                {
                    "id": "2f5d5533",
                    "settings": {
                        "_column_size": 50,
                        "_inline_size": 35
                    },
                    "elements": [
                        {
                            "id": "3160e7c7",
                            "settings": {
                                "view": "inline",
                                "icon_list": [
                                    {
                                        "text": "Home",
                                        "selected_icon": {
                                            "value": "",
                                            "library": ""
                                        },
                                        "_id": "959003a"
                                    },
                                    {
                                        "text": "List Item #2",
                                        "selected_icon": {
                                            "value": "icon icon-chevron-right",
                                            "library": "ekiticons"
                                        },
                                        "_id": "9c45e8f",
                                        "__dynamic__": {
                                            "text": "[elementor-tag id=\"4b846c7\" name=\"post-title\" settings=\"%7B%7D\"]"
                                        }
                                    }
                                ],
                                "space_between": {
                                    "unit": "px",
                                    "size": 16,
                                    "sizes": []
                                },
                                "icon_align": "right",
                                "icon_align_mobile": "center",
                                "text_indent": {
                                    "unit": "px",
                                    "size": 16,
                                    "sizes": []
                                }
                            },
                            "elements": [],
                            "isInner": false,
                            "widgetType": "icon-list",
                            "elType": "widget"
                        }
                    ],
                    "isInner": false,
                    "elType": "column"
                }
            ],
            "isInner": false,
            "elType": "section"
        },
        {
            "id": "2ced2a75",
            "settings": {
                "_ob_glider_nav_pos_y_alt": "50% - 25px",
                "_ob_glider_nav_pos_x_prev_alt": "0%",
                "_ob_glider_nav_pos_x_next_alt": "0%",
                "structure": "22",
                "background_overlay_background": "classic",
                "background_overlay_position": "top center",
                "background_overlay_repeat": "no-repeat",
                "background_overlay_opacity": {
                    "unit": "px",
                    "size": 0.299999999999999988897769753748434595763683319091796875,
                    "sizes": []
                },
                "padding": {
                    "unit": "em",
                    "top": "3",
                    "right": "0",
                    "bottom": "2",
                    "left": "0",
                    "isLinked": false
                },
                "padding_mobile": {
                    "unit": "em",
                    "top": "0",
                    "right": "0",
                    "bottom": "0",
                    "left": "0",
                    "isLinked": true
                }
            },
            "elements": [
                {
                    "id": "702eaca9",
                    "settings": {
                        "_column_size": 66,
                        "_inline_size": 60,
                        "padding": {
                            "unit": "em",
                            "top": "1",
                            "right": "1",
                            "bottom": "1",
                            "left": "1",
                            "isLinked": true
                        }
                    },
                    "elements": [
                        {
                            "id": "41270a45",
                            "settings": {
                                "_skin": "cards",
                                "classic_meta_separator": "\/\/\/",
                                "classic_read_more_text": "Read More \u00bb",
                                "cards_columns": "1",
                                "cards_columns_tablet": "1",
                                "cards_posts_per_page": 1,
                                "cards_thumbnail_size_size": "full",
                                "cards_meta_data": [
                                    "author",
                                    "date"
                                ],
                                "cards_meta_separator": "\/",
                                "cards_show_read_more": "",
                                "cards_read_more_text": "Read More \u00bb",
                                "cards_show_avatar": "",
                                "full_content_meta_separator": "\/\/\/",
                                "posts_include": [
                                    "terms"
                                ],
                                "posts_include_term_ids": [
                                    "4"
                                ],
                                "cards_card_bg_color": "#0A3967",
                                "cards_card_border_width": {
                                    "unit": "px",
                                    "size": 0,
                                    "sizes": []
                                },
                                "cards_card_border_radius": {
                                    "unit": "px",
                                    "size": 10,
                                    "sizes": []
                                },
                                "cards_meta_border_color": "#02010100",
                                "cards_image_spacing": {
                                    "unit": "px",
                                    "size": 6,
                                    "sizes": []
                                },
                                "cards_badge_bg_color": "#27AFE8",
                                "cards_meta_color": "#FFFFFF",
                                "cards_meta_typography_typography": "custom",
                                "cards_meta_typography_font_size": {
                                    "unit": "px",
                                    "size": 14,
                                    "sizes": []
                                },
                                "cards_excerpt_color": "#FFFFFF",
                                "cards_excerpt_typography_typography": "custom",
                                "cards_excerpt_typography_font_size": {
                                    "unit": "px",
                                    "size": 16,
                                    "sizes": []
                                },
                                "pagination_page_limit": "5",
                                "pagination_prev_label": "&laquo; Previous",
                                "pagination_next_label": "Next &raquo;"
                            },
                            "elements": [],
                            "isInner": false,
                            "widgetType": "posts",
                            "elType": "widget"
                        },
                        {
                            "id": "4caefdce",
                            "settings": {
                                "image": {
                                    "url": "https:\/\/demo.moxcreative.com\/eunoia\/wp-content\/uploads\/sites\/18\/2021\/03\/rounded_1.png",
                                    "id": 762
                                },
                                "image_size": "custom",
                                "image_custom_dimension": {
                                    "width": "40",
                                    "height": ""
                                },
                                "opacity": {
                                    "unit": "px",
                                    "size": 0.5,
                                    "sizes": []
                                },
                                "motion_fx_motion_fx_mouse": "yes",
                                "motion_fx_mouseTrack_effect": "yes",
                                "motion_fx_mouseTrack_speed": {
                                    "unit": "px",
                                    "size": 0.1000000000000000055511151231257827021181583404541015625,
                                    "sizes": []
                                },
                                "_animation": "zoomIn",
                                "_element_width": "auto",
                                "_position": "absolute",
                                "_offset_x": {
                                    "size": 638,
                                    "unit": "px"
                                },
                                "_offset_y": {
                                    "size": -7,
                                    "unit": "px"
                                }
                            },
                            "elements": [],
                            "isInner": false,
                            "widgetType": "image",
                            "elType": "widget"
                        }
                    ],
                    "isInner": false,
                    "elType": "column"
                },
                {
                    "id": "279ac580",
                    "settings": {
                        "_column_size": 33,
                        "_inline_size": 39.33200000000000073896444519050419330596923828125,
                        "padding": {
                            "unit": "em",
                            "top": "1",
                            "right": "1",
                            "bottom": "1",
                            "left": "1",
                            "isLinked": true
                        },
                        "padding_tablet": {
                            "unit": "px",
                            "top": "0",
                            "right": "0",
                            "bottom": "0",
                            "left": "0",
                            "isLinked": true
                        },
                        "padding_mobile": {
                            "unit": "em",
                            "top": "1",
                            "right": "1",
                            "bottom": "1",
                            "left": "1",
                            "isLinked": true
                        }
                    },
                    "elements": [
                        {
                            "id": "135ffa7a",
                            "settings": {
                                "title": "Featured Post",
                                "header_size": "h4"
                            },
                            "elements": [],
                            "isInner": false,
                            "widgetType": "heading",
                            "elType": "widget"
                        },
                        {
                            "id": "3ccbf7b9",
                            "settings": {
                                "classic_columns": "1",
                                "classic_columns_tablet": "1",
                                "classic_posts_per_page": 4,
                                "classic_thumbnail": "none",
                                "classic_show_excerpt": "",
                                "classic_meta_data": [
                                    "author",
                                    "date"
                                ],
                                "classic_meta_separator": "\/",
                                "classic_show_read_more": "",
                                "classic_read_more_text": "Read More \u00bb",
                                "cards_meta_separator": "\u2022",
                                "cards_read_more_text": "Read More \u00bb",
                                "full_content_meta_separator": "\/\/\/",
                                "classic_column_gap": {
                                    "unit": "px",
                                    "size": 15,
                                    "sizes": []
                                },
                                "classic_row_gap": {
                                    "unit": "px",
                                    "size": 20,
                                    "sizes": []
                                },
                                "classic_box_border_width": {
                                    "unit": "px",
                                    "top": "1",
                                    "right": "1",
                                    "bottom": "1",
                                    "left": "1",
                                    "isLinked": true
                                },
                                "classic_box_border_radius": {
                                    "unit": "px",
                                    "size": 10,
                                    "sizes": []
                                },
                                "classic_box_padding": {
                                    "unit": "px",
                                    "top": "25",
                                    "right": "25",
                                    "bottom": "25",
                                    "left": "25",
                                    "isLinked": true
                                },
                                "classic_box_bg_color": "#091D42F2",
                                "classic_box_border_color": "#0A3967",
                                "classic_box_shadow_hover_box_shadow_type": "yes",
                                "classic_box_shadow_hover_box_shadow": {
                                    "horizontal": 0,
                                    "vertical": 0,
                                    "blur": 20,
                                    "spread": 0,
                                    "color": "rgba(0, 0, 0, 0.2)"
                                },
                                "classic_title_spacing": {
                                    "unit": "px",
                                    "size": 14,
                                    "sizes": []
                                },
                                "classic_meta_color": "#FFFFFF",
                                "classic_meta_separator_color": "#2CD97B",
                                "classic_meta_typography_typography": "custom",
                                "classic_meta_typography_font_size": {
                                    "unit": "px",
                                    "size": 14,
                                    "sizes": []
                                },
                                "pagination_page_limit": "5",
                                "pagination_prev_label": "&laquo; Previous",
                                "pagination_next_label": "Next &raquo;"
                            },
                            "elements": [],
                            "isInner": false,
                            "widgetType": "posts",
                            "elType": "widget"
                        }
                    ],
                    "isInner": false,
                    "elType": "column"
                }
            ],
            "isInner": false,
            "elType": "section"
        },
        {
            "id": "37fe3633",
            "settings": {
                "_ob_glider_nav_pos_y_alt": "50% - 25px",
                "_ob_glider_nav_pos_x_prev_alt": "0%",
                "_ob_glider_nav_pos_x_next_alt": "0%",
                "padding": {
                    "unit": "em",
                    "top": "1",
                    "right": "0",
                    "bottom": "5",
                    "left": "0",
                    "isLinked": false
                }
            },
            "elements": [
                {
                    "id": "52694ecb",
                    "settings": {
                        "_column_size": 100,
                        "_inline_size": null,
                        "padding": {
                            "unit": "em",
                            "top": "1",
                            "right": "1",
                            "bottom": "1",
                            "left": "1",
                            "isLinked": true
                        },
                        "padding_mobile": {
                            "unit": "em",
                            "top": "0",
                            "right": "0",
                            "bottom": "0",
                            "left": "0",
                            "isLinked": true
                        }
                    },
                    "elements": [
                        {
                            "id": "556bc42",
                            "settings": {
                                "title": "Update",
                                "header_size": "h6"
                            },
                            "elements": [],
                            "isInner": false,
                            "widgetType": "heading",
                            "elType": "widget"
                        },
                        {
                            "id": "7648afb6",
                            "settings": {
                                "title": "Latest Article & News",
                                "link": {
                                    "url": "#",
                                    "is_external": "",
                                    "nofollow": "",
                                    "custom_attributes": ""
                                }
                            },
                            "elements": [],
                            "isInner": false,
                            "widgetType": "heading",
                            "elType": "widget"
                        },
                        {
                            "id": "535b6e23",
                            "settings": {
                                "classic_columns": "1",
                                "classic_columns_tablet": "1",
                                "classic_thumbnail": "left",
                                "classic_thumbnail_size_size": "full",
                                "classic_item_ratio_tablet": {
                                    "unit": "px",
                                    "size": 1,
                                    "sizes": []
                                },
                                "classic_item_ratio_mobile": {
                                    "unit": "px",
                                    "size": 1,
                                    "sizes": []
                                },
                                "classic_image_width": {
                                    "unit": "%",
                                    "size": 33,
                                    "sizes": []
                                },
                                "classic_image_width_mobile": {
                                    "unit": "%",
                                    "size": 25,
                                    "sizes": []
                                },
                                "classic_meta_data": [
                                    "author",
                                    "date"
                                ],
                                "classic_meta_separator": "\/",
                                "classic_read_more_text": "Read More",
                                "cards_meta_separator": "\u2022",
                                "cards_read_more_text": "Read More \u00bb",
                                "full_content_meta_separator": "\/\/\/",
                                "classic_row_gap": {
                                    "unit": "px",
                                    "size": 20,
                                    "sizes": []
                                },
                                "classic_box_border_radius": {
                                    "unit": "px",
                                    "size": 10,
                                    "sizes": []
                                },
                                "classic_box_padding": {
                                    "unit": "px",
                                    "top": "15",
                                    "right": "15",
                                    "bottom": "15",
                                    "left": "15",
                                    "isLinked": true
                                },
                                "classic_content_padding": {
                                    "unit": "px",
                                    "top": "10",
                                    "right": "10",
                                    "bottom": "10",
                                    "left": "10",
                                    "isLinked": true
                                },
                                "classic_box_shadow_box_shadow": {
                                    "horizontal": 0,
                                    "vertical": 0,
                                    "blur": 20,
                                    "spread": 0,
                                    "color": "rgba(0, 0, 0, 0.2)"
                                },
                                "classic_box_bg_color": "#091D42",
                                "classic_img_border_radius": {
                                    "unit": "px",
                                    "top": "10",
                                    "right": "10",
                                    "bottom": "10",
                                    "left": "10",
                                    "isLinked": true
                                },
                                "classic_image_spacing": {
                                    "unit": "px",
                                    "size": 21,
                                    "sizes": []
                                },
                                "classic_title_typography_typography": "custom",
                                "classic_title_typography_font_size": {
                                    "unit": "px",
                                    "size": 28,
                                    "sizes": []
                                },
                                "classic_title_typography_font_size_tablet": {
                                    "unit": "px",
                                    "size": 21,
                                    "sizes": []
                                },
                                "classic_title_typography_font_size_mobile": {
                                    "unit": "px",
                                    "size": 14,
                                    "sizes": []
                                },
                                "classic_title_spacing": {
                                    "unit": "px",
                                    "size": 16,
                                    "sizes": []
                                },
                                "classic_meta_color": "#FFFFFF",
                                "classic_meta_separator_color": "#2CD97B",
                                "classic_meta_typography_typography": "custom",
                                "classic_meta_typography_font_size": {
                                    "unit": "px",
                                    "size": 14,
                                    "sizes": []
                                },
                                "classic_meta_typography_font_size_mobile": {
                                    "unit": "px",
                                    "size": 12,
                                    "sizes": []
                                },
                                "classic_excerpt_color": "#FFFFFF",
                                "classic_excerpt_typography_typography": "custom",
                                "classic_excerpt_typography_font_size": {
                                    "unit": "px",
                                    "size": 16,
                                    "sizes": []
                                },
                                "classic_excerpt_typography_font_size_mobile": {
                                    "unit": "px",
                                    "size": 13,
                                    "sizes": []
                                },
                                "classic_excerpt_spacing": {
                                    "unit": "px",
                                    "size": 16,
                                    "sizes": []
                                },
                                "classic_read_more_typography_typography": "custom",
                                "classic_read_more_typography_font_size": {
                                    "unit": "px",
                                    "size": 14,
                                    "sizes": []
                                },
                                "classic_read_more_typography_font_size_mobile": {
                                    "unit": "px",
                                    "size": 12,
                                    "sizes": []
                                },
                                "classic_read_more_typography_font_weight": "400",
                                "classic_read_more_typography_text_transform": "uppercase",
                                "pagination_page_limit": "5",
                                "pagination_prev_label": "&laquo; Previous",
                                "pagination_next_label": "Next &raquo;",
                                "_padding_mobile": {
                                    "unit": "px",
                                    "top": "0",
                                    "right": "0",
                                    "bottom": "0",
                                    "left": "0",
                                    "isLinked": true
                                }
                            },
                            "elements": [],
                            "isInner": false,
                            "widgetType": "posts",
                            "elType": "widget"
                        },
                        {
                            "id": "3234595b",
                            "settings": {
                                "image": {
                                    "url": "https:\/\/demo.moxcreative.com\/eunoia\/wp-content\/uploads\/sites\/18\/2021\/03\/rounded_1.png",
                                    "id": 762
                                },
                                "image_size": "custom",
                                "image_custom_dimension": {
                                    "width": "125",
                                    "height": ""
                                },
                                "opacity": {
                                    "unit": "px",
                                    "size": 0.5,
                                    "sizes": []
                                },
                                "motion_fx_motion_fx_mouse": "yes",
                                "motion_fx_mouseTrack_effect": "yes",
                                "motion_fx_mouseTrack_speed": {
                                    "unit": "px",
                                    "size": 0.1000000000000000055511151231257827021181583404541015625,
                                    "sizes": []
                                },
                                "_animation": "zoomIn",
                                "_element_width": "auto",
                                "_position": "absolute",
                                "_offset_x": {
                                    "size": 1099,
                                    "unit": "px"
                                },
                                "_offset_y": {
                                    "size": -23,
                                    "unit": "px"
                                }
                            },
                            "elements": [],
                            "isInner": false,
                            "widgetType": "image",
                            "elType": "widget"
                        },
                        {
                            "id": "100ff9d0",
                            "settings": {
                                "image": {
                                    "url": "https:\/\/demo.moxcreative.com\/eunoia\/wp-content\/uploads\/sites\/18\/2021\/03\/rounded_1.png",
                                    "id": 762
                                },
                                "image_size": "custom",
                                "image_custom_dimension": {
                                    "width": "75",
                                    "height": ""
                                },
                                "opacity": {
                                    "unit": "px",
                                    "size": 0.5,
                                    "sizes": []
                                },
                                "motion_fx_motion_fx_mouse": "yes",
                                "motion_fx_mouseTrack_effect": "yes",
                                "motion_fx_mouseTrack_speed": {
                                    "unit": "px",
                                    "size": 0.1000000000000000055511151231257827021181583404541015625,
                                    "sizes": []
                                },
                                "_animation": "zoomIn",
                                "_element_width": "auto",
                                "_position": "absolute",
                                "_offset_x": {
                                    "size": 369,
                                    "unit": "px"
                                },
                                "_offset_y": {
                                    "size": 25,
                                    "unit": "px"
                                }
                            },
                            "elements": [],
                            "isInner": false,
                            "widgetType": "image",
                            "elType": "widget"
                        },
                        {
                            "id": "67d9d4a",
                            "settings": {
                                "image": {
                                    "url": "https:\/\/demo.moxcreative.com\/eunoia\/wp-content\/uploads\/sites\/18\/2021\/03\/rounded_1.png",
                                    "id": 762
                                },
                                "image_size": "custom",
                                "image_custom_dimension": {
                                    "width": "75",
                                    "height": ""
                                },
                                "opacity": {
                                    "unit": "px",
                                    "size": 0.5,
                                    "sizes": []
                                },
                                "motion_fx_motion_fx_mouse": "yes",
                                "motion_fx_mouseTrack_effect": "yes",
                                "motion_fx_mouseTrack_speed": {
                                    "unit": "px",
                                    "size": 0.1000000000000000055511151231257827021181583404541015625,
                                    "sizes": []
                                },
                                "_animation": "zoomIn",
                                "_element_width": "auto",
                                "_position": "absolute",
                                "_offset_x": {
                                    "size": -34,
                                    "unit": "px"
                                },
                                "_offset_y": {
                                    "size": 1030,
                                    "unit": "px"
                                }
                            },
                            "elements": [],
                            "isInner": false,
                            "widgetType": "image",
                            "elType": "widget"
                        }
                    ],
                    "isInner": false,
                    "elType": "column"
                }
            ],
            "isInner": false,
            "elType": "section"
        }
    ],
    "page_settings": {
        "eael_ext_toc_title": "Table of Contents",
        "template": "elementor_header_footer"
    }
}