{
    "version": "0.4",
    "title": "Contact",
    "type": "page",
    "metadata": {
        "template_type": "single-page",
        "include_in_zip": "1",
        "elementor_pro_required": "1",
        "wp_page_template": "elementor_header_footer"
    },
    "content": [
        {
            "id": "7bfaa6d5",
            "settings": {
                "content_position": "middle",
                "_ob_glider_nav_pos_y_alt": "50% - 25px",
                "_ob_glider_nav_pos_x_prev_alt": "0%",
                "_ob_glider_nav_pos_x_next_alt": "0%",
                "structure": "20",
                "background_background": "gradient",
                "background_color": "#0B2347",
                "background_color_b": "#0A3967",
                "background_overlay_background": "classic",
                "background_overlay_image": {
                    "url": "https:\/\/demo.moxcreative.com\/eunoia\/wp-content\/uploads\/sites\/18\/2021\/03\/Header_memphis_1.png",
                    "id": 876
                },
                "background_overlay_position": "top right",
                "background_overlay_repeat": "no-repeat",
                "background_overlay_size": "initial",
                "padding": {
                    "unit": "em",
                    "top": "15",
                    "right": "0",
                    "bottom": "5",
                    "left": "0",
                    "isLinked": false
                },
                "background_gradient_angle": {
                    "unit": "deg",
                    "size": 360,
                    "sizes": []
                },
                "background_gradient_type": "radial",
                "background_gradient_position": "bottom left",
                "background_overlay_size_tablet": "initial",
                "background_overlay_size_mobile": "cover",
                "background_overlay_bg_width_tablet": {
                    "unit": "em",
                    "size": "",
                    "sizes": []
                },
                "background_overlay_bg_width_mobile": {
                    "unit": "%",
                    "size": 250,
                    "sizes": []
                },
                "padding_tablet": {
                    "unit": "em",
                    "top": "10",
                    "right": "2",
                    "bottom": "5",
                    "left": "2",
                    "isLinked": false
                }
            },
            "elements": [
                {
                    "id": "31821497",
                    "settings": {
                        "_column_size": 50,
                        "_inline_size": 65
                    },
                    "elements": [
                        {
                            "id": "3e679afd",
                            "settings": {
                                "title": "Add Your Heading Text Here",
                                "header_size": "h1",
                                "__dynamic__": {
                                    "title": "[elementor-tag id=\"2c9ab0b\" name=\"post-title\" settings=\"%7B%7D\"]"
                                }
                            },
                            "elements": [],
                            "isInner": false,
                            "widgetType": "heading",
                            "elType": "widget"
                        }
                    ],
                    "isInner": false,
                    "elType": "column"
                },
                {
                    "id": "6e0a0766",
                    "settings": {
                        "_column_size": 50,
                        "_inline_size": 35
                    },
                    "elements": [
                        {
                            "id": "3149cac",
                            "settings": {
                                "view": "inline",
                                "icon_list": [
                                    {
                                        "text": "Home",
                                        "selected_icon": {
                                            "value": "",
                                            "library": ""
                                        },
                                        "_id": "959003a"
                                    },
                                    {
                                        "text": "List Item #2",
                                        "selected_icon": {
                                            "value": "icon icon-chevron-right",
                                            "library": "ekiticons"
                                        },
                                        "_id": "9c45e8f",
                                        "__dynamic__": {
                                            "text": "[elementor-tag id=\"4b846c7\" name=\"post-title\" settings=\"%7B%7D\"]"
                                        }
                                    }
                                ],
                                "space_between": {
                                    "unit": "px",
                                    "size": 16,
                                    "sizes": []
                                },
                                "icon_align": "right",
                                "icon_align_mobile": "center",
                                "text_indent": {
                                    "unit": "px",
                                    "size": 16,
                                    "sizes": []
                                }
                            },
                            "elements": [],
                            "isInner": false,
                            "widgetType": "icon-list",
                            "elType": "widget"
                        }
                    ],
                    "isInner": false,
                    "elType": "column"
                }
            ],
            "isInner": false,
            "elType": "section"
        },
        {
            "id": "35837f88",
            "settings": {
                "_ob_glider_nav_pos_y_alt": "50% - 25px",
                "_ob_glider_nav_pos_x_prev_alt": "0%",
                "_ob_glider_nav_pos_x_next_alt": "0%",
                "padding": {
                    "unit": "em",
                    "top": "5",
                    "right": "0",
                    "bottom": "5",
                    "left": "0",
                    "isLinked": false
                },
                "structure": "30",
                "padding_tablet": {
                    "unit": "em",
                    "top": "3",
                    "right": "0",
                    "bottom": "3",
                    "left": "0",
                    "isLinked": false
                },
                "padding_mobile": {
                    "unit": "em",
                    "top": "1",
                    "right": "0",
                    "bottom": "1",
                    "left": "0",
                    "isLinked": false
                }
            },
            "elements": [
                {
                    "id": "4f78cb5a",
                    "settings": {
                        "_column_size": 33,
                        "_inline_size": 30,
                        "animation": "fadeInLeft"
                    },
                    "elements": [
                        {
                            "id": "2e49f732",
                            "settings": {
                                "enable_equal_height": "enable",
                                "ekit_icon_box_header_icons": {
                                    "value": "icon icon-map-marker1",
                                    "library": "ekiticons"
                                },
                                "ekit_icon_box_title_text": "Location",
                                "ekit_icon_box_description_text": "Jln Cempaka Wangi No 22, Jakarta - Indonesia",
                                "ekit_icon_box_btn_text": "Learn more ",
                                "ekit_icon_box_show_global_link": "",
                                "ekit_icon_box_enable_water_mark": "yes",
                                "ekit_icon_box_water_mark_icons": {
                                    "value": "icon icon-map-marker1",
                                    "library": "ekiticons"
                                },
                                "ekit_icon_box_badge_title": "EXCLUSIVE",
                                "ekit_icon_box_infobox_bg_group_background": "gradient",
                                "ekit_icon_box_infobox_bg_group_color": "#091D42",
                                "ekit_icon_box_infobox_bg_group_color_b": "#0A3967",
                                "ekit_icon_box_infobox_bg_group_gradient_angle": {
                                    "unit": "deg",
                                    "size": 135,
                                    "sizes": []
                                },
                                "ekit_icon_box_infobox_bg_padding": {
                                    "unit": "em",
                                    "top": "2",
                                    "right": "2",
                                    "bottom": "2",
                                    "left": "2",
                                    "isLinked": true
                                },
                                "ekit_icon_box_infobox_bg_padding_tablet": {
                                    "unit": "em",
                                    "top": "1",
                                    "right": "1",
                                    "bottom": "1",
                                    "left": "1",
                                    "isLinked": true
                                },
                                "ekit_icon_box_iocnbox_border_group_border": "solid",
                                "ekit_icon_box_iocnbox_border_group_width": {
                                    "unit": "px",
                                    "top": "1",
                                    "right": "1",
                                    "bottom": "1",
                                    "left": "1",
                                    "isLinked": true
                                },
                                "ekit_icon_box_iocnbox_border_group_color": "#0A3967",
                                "ekit_icon_box_infobox_border_radious": {
                                    "unit": "px",
                                    "top": "10",
                                    "right": "10",
                                    "bottom": "10",
                                    "left": "10",
                                    "isLinked": true
                                },
                                "ekit_icon_title_color": "",
                                "ekit_icon_title_color_hover": "",
                                "ekit_icon_description_color": "",
                                "ekit_icon_description_color_hover": "",
                                "ekit_icon_box_watermark_color": "#0A3967",
                                "ekit_icon_box_icon_primary_color": "#2CD97B",
                                "ekit_icon_icon_size": {
                                    "unit": "px",
                                    "size": 50,
                                    "sizes": []
                                }
                            },
                            "elements": [],
                            "isInner": false,
                            "widgetType": "elementskit-icon-box",
                            "elType": "widget"
                        }
                    ],
                    "isInner": false,
                    "elType": "column"
                },
                {
                    "id": "38de1a4a",
                    "settings": {
                        "_column_size": 33,
                        "_inline_size": 30,
                        "animation": "fadeInUp"
                    },
                    "elements": [
                        {
                            "id": "56cae0f2",
                            "settings": {
                                "enable_equal_height": "enable",
                                "ekit_icon_box_header_icons": {
                                    "value": "icon icon-envelope1",
                                    "library": "ekiticons"
                                },
                                "ekit_icon_box_title_text": "Email Us",
                                "ekit_icon_box_description_text": "support@domain.tld<\/br>\npartner@domain.tld",
                                "ekit_icon_box_btn_text": "Learn more ",
                                "ekit_icon_box_show_global_link": "",
                                "ekit_icon_box_enable_water_mark": "yes",
                                "ekit_icon_box_water_mark_icons": {
                                    "value": "icon icon-envelope1",
                                    "library": "ekiticons"
                                },
                                "ekit_icon_box_badge_title": "EXCLUSIVE",
                                "ekit_icon_box_infobox_bg_group_background": "gradient",
                                "ekit_icon_box_infobox_bg_group_color": "#091D42",
                                "ekit_icon_box_infobox_bg_group_color_b": "#0A3967",
                                "ekit_icon_box_infobox_bg_group_gradient_angle": {
                                    "unit": "deg",
                                    "size": 135,
                                    "sizes": []
                                },
                                "ekit_icon_box_infobox_bg_padding": {
                                    "unit": "em",
                                    "top": "2",
                                    "right": "2",
                                    "bottom": "2",
                                    "left": "2",
                                    "isLinked": true
                                },
                                "ekit_icon_box_infobox_bg_padding_tablet": {
                                    "unit": "em",
                                    "top": "1",
                                    "right": "1",
                                    "bottom": "1",
                                    "left": "1",
                                    "isLinked": true
                                },
                                "ekit_icon_box_iocnbox_border_group_border": "solid",
                                "ekit_icon_box_iocnbox_border_group_width": {
                                    "unit": "px",
                                    "top": "1",
                                    "right": "1",
                                    "bottom": "1",
                                    "left": "1",
                                    "isLinked": true
                                },
                                "ekit_icon_box_iocnbox_border_group_color": "#0A3967",
                                "ekit_icon_box_infobox_border_radious": {
                                    "unit": "px",
                                    "top": "10",
                                    "right": "10",
                                    "bottom": "10",
                                    "left": "10",
                                    "isLinked": true
                                },
                                "ekit_icon_title_color": "",
                                "ekit_icon_title_color_hover": "",
                                "ekit_icon_description_color": "",
                                "ekit_icon_description_color_hover": "",
                                "ekit_icon_box_watermark_color": "#0A3967",
                                "ekit_icon_box_icon_primary_color": "#2CD97B",
                                "ekit_icon_icon_size": {
                                    "unit": "px",
                                    "size": 50,
                                    "sizes": []
                                }
                            },
                            "elements": [],
                            "isInner": false,
                            "widgetType": "elementskit-icon-box",
                            "elType": "widget"
                        }
                    ],
                    "isInner": false,
                    "elType": "column"
                },
                {
                    "id": "6c34f940",
                    "settings": {
                        "_column_size": 33,
                        "_inline_size": 39.6640000000000014779288903810083866119384765625,
                        "animation": "fadeInRight"
                    },
                    "elements": [
                        {
                            "id": "7008f152",
                            "settings": {
                                "enable_equal_height": "enable",
                                "ekit_icon_box_header_icons": {
                                    "value": "icon icon-support",
                                    "library": "ekiticons"
                                },
                                "ekit_icon_box_title_text": "Customer Support",
                                "ekit_icon_box_description_text": "+(62)21-2002-2012",
                                "ekit_icon_box_btn_text": "Learn more ",
                                "ekit_icon_box_show_global_link": "",
                                "ekit_icon_box_enable_water_mark": "yes",
                                "ekit_icon_box_water_mark_icons": {
                                    "value": "icon icon-support",
                                    "library": "ekiticons"
                                },
                                "ekit_icon_box_badge_title": "EXCLUSIVE",
                                "ekit_icon_box_infobox_bg_group_background": "gradient",
                                "ekit_icon_box_infobox_bg_group_color": "#27AFE8",
                                "ekit_icon_box_infobox_bg_group_color_b": "#2CD97B",
                                "ekit_icon_box_infobox_bg_group_gradient_angle": {
                                    "unit": "deg",
                                    "size": 135,
                                    "sizes": []
                                },
                                "ekit_icon_box_infobox_bg_padding": {
                                    "unit": "em",
                                    "top": "2",
                                    "right": "2",
                                    "bottom": "2",
                                    "left": "2",
                                    "isLinked": true
                                },
                                "ekit_icon_box_infobox_bg_padding_tablet": {
                                    "unit": "em",
                                    "top": "1",
                                    "right": "1",
                                    "bottom": "1",
                                    "left": "1",
                                    "isLinked": true
                                },
                                "ekit_icon_box_iocnbox_border_group_border": "solid",
                                "ekit_icon_box_iocnbox_border_group_width": {
                                    "unit": "px",
                                    "top": "1",
                                    "right": "1",
                                    "bottom": "1",
                                    "left": "1",
                                    "isLinked": true
                                },
                                "ekit_icon_box_iocnbox_border_group_color": "#0A3967",
                                "ekit_icon_box_infobox_border_radious": {
                                    "unit": "px",
                                    "top": "10",
                                    "right": "10",
                                    "bottom": "10",
                                    "left": "10",
                                    "isLinked": true
                                },
                                "ekit_icon_title_padding_tablet": {
                                    "unit": "em",
                                    "top": "",
                                    "right": "",
                                    "bottom": "",
                                    "left": "",
                                    "isLinked": true
                                },
                                "ekit_icon_title_color": "#FFFFFF",
                                "ekit_icon_title_color_hover": "",
                                "ekit_icon_description_color": "",
                                "ekit_icon_description_color_hover": "",
                                "ekit_icon_description_typography_group_typography": "custom",
                                "ekit_icon_description_typography_group_font_size": {
                                    "unit": "px",
                                    "size": 28,
                                    "sizes": []
                                },
                                "ekit_icon_description_typography_group_font_size_tablet": {
                                    "unit": "px",
                                    "size": 21,
                                    "sizes": []
                                },
                                "ekit_icon_description_typography_group_font_weight": "600",
                                "ekit_icon_box_watermark_color": "#71EEAA",
                                "ekit_icon_box_icon_primary_color": "#FFFFFF",
                                "ekit_icon_icon_size": {
                                    "unit": "px",
                                    "size": 50,
                                    "sizes": []
                                }
                            },
                            "elements": [],
                            "isInner": false,
                            "widgetType": "elementskit-icon-box",
                            "elType": "widget"
                        }
                    ],
                    "isInner": false,
                    "elType": "column"
                }
            ],
            "isInner": false,
            "elType": "section"
        },
        {
            "id": "7c6a7159",
            "settings": {
                "_ob_glider_nav_pos_y_alt": "50% - 25px",
                "_ob_glider_nav_pos_x_prev_alt": "0%",
                "_ob_glider_nav_pos_x_next_alt": "0%",
                "background_background": "gradient",
                "background_color": "#27AFE8",
                "background_color_b": "#2CD97B",
                "background_gradient_angle": {
                    "unit": "deg",
                    "size": 135,
                    "sizes": []
                },
                "background_overlay_background": "classic",
                "background_overlay_image": {
                    "url": "https:\/\/demo.moxcreative.com\/eunoia\/wp-content\/uploads\/sites\/18\/2021\/03\/scrolling-through-their-social-media.jpg",
                    "id": 749
                },
                "background_overlay_position": "center center",
                "background_overlay_repeat": "no-repeat",
                "background_overlay_size": "cover",
                "padding": {
                    "unit": "em",
                    "top": "2",
                    "right": "0",
                    "bottom": "3",
                    "left": "0",
                    "isLinked": false
                },
                "animation": "fadeInUp"
            },
            "elements": [
                {
                    "id": "3d4f92d0",
                    "settings": {
                        "_column_size": 100,
                        "_inline_size": null
                    },
                    "elements": [
                        {
                            "id": "3623eee1",
                            "settings": {
                                "ekit_video_popup_button_title": "Play Video",
                                "ekit_video_popup_url": "https:\/\/www.youtube.com\/watch?v=1MTkZPys7mU",
                                "_margin": {
                                    "unit": "em",
                                    "top": "10",
                                    "right": "0",
                                    "bottom": "15",
                                    "left": "0",
                                    "isLinked": false
                                },
                                "_margin_mobile": {
                                    "unit": "em",
                                    "top": "5",
                                    "right": "0",
                                    "bottom": "5",
                                    "left": "0",
                                    "isLinked": false
                                },
                                "ekit_video_popup_btn_glow_color": "#2CD97B",
                                "ekit_video_popup_btn_bg_color_background": "classic",
                                "ekit_video_popup_btn_bg_color_color": "#27AFE8"
                            },
                            "elements": [],
                            "isInner": false,
                            "widgetType": "elementskit-video",
                            "elType": "widget"
                        }
                    ],
                    "isInner": false,
                    "elType": "column"
                }
            ],
            "isInner": false,
            "elType": "section"
        },
        {
            "id": "859986d",
            "settings": {
                "_ob_glider_nav_pos_y_alt": "50% - 25px",
                "_ob_glider_nav_pos_x_prev_alt": "0%",
                "_ob_glider_nav_pos_x_next_alt": "0%",
                "padding": {
                    "unit": "em",
                    "top": "0",
                    "right": "0",
                    "bottom": "0",
                    "left": "0",
                    "isLinked": false
                },
                "padding_mobile": {
                    "unit": "em",
                    "top": "0",
                    "right": "0",
                    "bottom": "0",
                    "left": "0",
                    "isLinked": true
                }
            },
            "elements": [
                {
                    "id": "3314e913",
                    "settings": {
                        "_column_size": 100,
                        "_inline_size": null,
                        "background_background": "classic",
                        "background_color": "#091D42",
                        "border_radius": {
                            "unit": "px",
                            "top": "10",
                            "right": "10",
                            "bottom": "10",
                            "left": "10",
                            "isLinked": true
                        },
                        "box_shadow_box_shadow_type": "yes",
                        "box_shadow_box_shadow": {
                            "horizontal": 0,
                            "vertical": 0,
                            "blur": 20,
                            "spread": 0,
                            "color": "rgba(0, 0, 0, 0.2)"
                        },
                        "margin": {
                            "unit": "em",
                            "top": "-5",
                            "right": "0",
                            "bottom": "0",
                            "left": "0",
                            "isLinked": false
                        },
                        "margin_mobile": {
                            "unit": "px",
                            "top": "0",
                            "right": "0",
                            "bottom": "0",
                            "left": "0",
                            "isLinked": true
                        },
                        "padding": {
                            "unit": "em",
                            "top": "3",
                            "right": "3",
                            "bottom": "3",
                            "left": "3",
                            "isLinked": true
                        },
                        "padding_tablet": {
                            "unit": "em",
                            "top": "1",
                            "right": "1",
                            "bottom": "1",
                            "left": "1",
                            "isLinked": true
                        },
                        "padding_mobile": {
                            "unit": "px",
                            "top": "0",
                            "right": "0",
                            "bottom": "0",
                            "left": "0",
                            "isLinked": true
                        },
                        "animation": "fadeInUp"
                    },
                    "elements": [
                        {
                            "id": "4a6c67b",
                            "settings": {
                                "_ob_bbad_inner_width": "100%",
                                "_ob_glider_nav_pos_y_alt": "50% - 25px",
                                "_ob_glider_nav_pos_x_prev_alt": "0%",
                                "_ob_glider_nav_pos_x_next_alt": "0%",
                                "structure": "20"
                            },
                            "elements": [
                                {
                                    "id": "761c4c4a",
                                    "settings": {
                                        "_column_size": 50,
                                        "_inline_size": 60,
                                        "background_background": "classic",
                                        "padding": {
                                            "unit": "em",
                                            "top": "2",
                                            "right": "2",
                                            "bottom": "2",
                                            "left": "2",
                                            "isLinked": true
                                        },
                                        "padding_mobile": {
                                            "unit": "em",
                                            "top": "1",
                                            "right": "1",
                                            "bottom": "1",
                                            "left": "1",
                                            "isLinked": true
                                        }
                                    },
                                    "elements": [
                                        {
                                            "id": "15d7da7c",
                                            "settings": {
                                                "title": "Contact",
                                                "header_size": "h6",
                                                "align_mobile": "center"
                                            },
                                            "elements": [],
                                            "isInner": false,
                                            "widgetType": "heading",
                                            "elType": "widget"
                                        },
                                        {
                                            "id": "4efd863e",
                                            "settings": {
                                                "title": "Get in Touch",
                                                "align_mobile": "center"
                                            },
                                            "elements": [],
                                            "isInner": false,
                                            "widgetType": "heading",
                                            "elType": "widget"
                                        },
                                        {
                                            "id": "35e68916",
                                            "settings": {
                                                "editor": "<p>Write us a few words about your project or ask us any questions and we will respond to you within 1 business day.<\/p>",
                                                "align_mobile": "center"
                                            },
                                            "elements": [],
                                            "isInner": false,
                                            "widgetType": "text-editor",
                                            "elType": "widget"
                                        },
                                        {
                                            "id": "4ee35718",
                                            "settings": {
                                                "form_name": "New Form",
                                                "form_fields": [
                                                    {
                                                        "custom_id": "name",
                                                        "field_label": "Name",
                                                        "placeholder": "Name",
                                                        "width": "50",
                                                        "_id": "f7ddb1c",
                                                        "required": "true"
                                                    },
                                                    {
                                                        "custom_id": "field_c303497",
                                                        "field_label": "Company",
                                                        "placeholder": "Company",
                                                        "width": "50",
                                                        "_id": "c303497"
                                                    },
                                                    {
                                                        "custom_id": "email",
                                                        "field_type": "tel",
                                                        "required": "true",
                                                        "field_label": "Phone Number",
                                                        "placeholder": "Phone Number",
                                                        "width": "50",
                                                        "_id": "bf51fce"
                                                    },
                                                    {
                                                        "custom_id": "field_98420b3",
                                                        "field_type": "email",
                                                        "required": "true",
                                                        "field_label": "Email",
                                                        "placeholder": "Email",
                                                        "width": "50",
                                                        "_id": "98420b3"
                                                    },
                                                    {
                                                        "custom_id": "message",
                                                        "field_type": "textarea",
                                                        "field_label": "Message",
                                                        "placeholder": "Message",
                                                        "_id": "c325db1"
                                                    }
                                                ],
                                                "input_size": "md",
                                                "mark_required": "yes",
                                                "button_size": "md",
                                                "button_width": "50",
                                                "step_next_label": "Next",
                                                "step_previous_label": "Previous",
                                                "button_text": "Submit",
                                                "email_content": "[all-fields]",
                                                "email_content_2": "[all-fields]",
                                                "success_message": "The form was sent successfully.",
                                                "error_message": "An error occurred.",
                                                "required_field_message": "This field is required.",
                                                "invalid_message": "There's something wrong. The form is invalid.",
                                                "field_background_color": "",
                                                "button_text_color": "",
                                                "previous_button_text_color": "",
                                                "button_hover_color": "",
                                                "previous_button_text_color_hover": ""
                                            },
                                            "elements": [],
                                            "isInner": false,
                                            "widgetType": "form",
                                            "elType": "widget"
                                        }
                                    ],
                                    "isInner": true,
                                    "elType": "column"
                                },
                                {
                                    "id": "16fc828b",
                                    "settings": {
                                        "_column_size": 50,
                                        "_inline_size": 40
                                    },
                                    "elements": [
                                        {
                                            "id": "36c605f9",
                                            "settings": {
                                                "address": "QuickenWorks.com",
                                                "zoom": {
                                                    "unit": "px",
                                                    "size": 12,
                                                    "sizes": []
                                                },
                                                "height": {
                                                    "unit": "px",
                                                    "size": 550,
                                                    "sizes": []
                                                },
                                                "_border_radius": {
                                                    "unit": "px",
                                                    "top": "10",
                                                    "right": "10",
                                                    "bottom": "10",
                                                    "left": "10",
                                                    "isLinked": true
                                                }
                                            },
                                            "elements": [],
                                            "isInner": false,
                                            "widgetType": "google_maps",
                                            "elType": "widget"
                                        }
                                    ],
                                    "isInner": true,
                                    "elType": "column"
                                }
                            ],
                            "isInner": true,
                            "elType": "section"
                        },
                        {
                            "id": "656f102f",
                            "settings": {
                                "image": {
                                    "url": "https:\/\/demo.moxcreative.com\/eunoia\/wp-content\/uploads\/sites\/18\/2021\/03\/rounded_1.png",
                                    "id": 762
                                },
                                "image_size": "custom",
                                "image_custom_dimension": {
                                    "width": "",
                                    "height": "75"
                                },
                                "opacity": {
                                    "unit": "px",
                                    "size": 0.1000000000000000055511151231257827021181583404541015625,
                                    "sizes": []
                                },
                                "_animation": "zoomIn",
                                "_element_width": "auto",
                                "_position": "absolute",
                                "_offset_x": {
                                    "size": -27,
                                    "unit": "px"
                                },
                                "_offset_y": {
                                    "size": -31,
                                    "unit": "px"
                                }
                            },
                            "elements": [],
                            "isInner": false,
                            "widgetType": "image",
                            "elType": "widget"
                        }
                    ],
                    "isInner": false,
                    "elType": "column"
                }
            ],
            "isInner": false,
            "elType": "section"
        },
        {
            "id": "54f831d8",
            "settings": {
                "_ob_glider_nav_pos_y_alt": "50% - 25px",
                "_ob_glider_nav_pos_x_prev_alt": "0%",
                "_ob_glider_nav_pos_x_next_alt": "0%",
                "padding": {
                    "unit": "em",
                    "top": "3",
                    "right": "3",
                    "bottom": "3",
                    "left": "3",
                    "isLinked": true
                },
                "padding_mobile": {
                    "unit": "em",
                    "top": "1",
                    "right": "1",
                    "bottom": "1",
                    "left": "1",
                    "isLinked": true
                },
                "animation": "fadeInUp"
            },
            "elements": [
                {
                    "id": "55d58ad3",
                    "settings": {
                        "_column_size": 100,
                        "_inline_size": null
                    },
                    "elements": [
                        {
                            "id": "60a148ca",
                            "settings": {
                                "title": "Our Social Media",
                                "align": "center"
                            },
                            "elements": [],
                            "isInner": false,
                            "widgetType": "heading",
                            "elType": "widget"
                        },
                        {
                            "id": "1bd84246",
                            "settings": {
                                "social_icon_list": [
                                    {
                                        "social_icon": {
                                            "value": "fab fa-facebook-f",
                                            "library": "fa-brands"
                                        },
                                        "_id": "b98422f"
                                    },
                                    {
                                        "social_icon": {
                                            "value": "fab fa-instagram",
                                            "library": "fa-brands"
                                        },
                                        "_id": "2f2e921"
                                    },
                                    {
                                        "social_icon": {
                                            "value": "fab fa-twitter",
                                            "library": "fa-brands"
                                        },
                                        "_id": "ca50e10"
                                    },
                                    {
                                        "social_icon": {
                                            "value": "fab fa-youtube",
                                            "library": "fa-brands"
                                        },
                                        "_id": "90c0e9c"
                                    }
                                ],
                                "icon_color": "custom",
                                "icon_primary_color": "#02010100",
                                "hover_secondary_color": "#27AFE8",
                                "hover_animation": "pulse"
                            },
                            "elements": [],
                            "isInner": false,
                            "widgetType": "social-icons",
                            "elType": "widget"
                        },
                        {
                            "id": "5bcf10be",
                            "settings": {
                                "image": {
                                    "url": "https:\/\/demo.moxcreative.com\/eunoia\/wp-content\/uploads\/sites\/18\/2021\/03\/rounded_1.png",
                                    "id": 762
                                },
                                "image_size": "custom",
                                "image_custom_dimension": {
                                    "width": "",
                                    "height": "75"
                                },
                                "opacity": {
                                    "unit": "px",
                                    "size": 0.1000000000000000055511151231257827021181583404541015625,
                                    "sizes": []
                                },
                                "_animation": "zoomIn",
                                "_element_width": "auto",
                                "_position": "absolute",
                                "_offset_x": {
                                    "size": 1042,
                                    "unit": "px"
                                },
                                "_offset_y": {
                                    "size": 104,
                                    "unit": "px"
                                }
                            },
                            "elements": [],
                            "isInner": false,
                            "widgetType": "image",
                            "elType": "widget"
                        },
                        {
                            "id": "6cec6894",
                            "settings": {
                                "image": {
                                    "url": "https:\/\/demo.moxcreative.com\/eunoia\/wp-content\/uploads\/sites\/18\/2021\/03\/rounded_1.png",
                                    "id": 762
                                },
                                "image_size": "custom",
                                "image_custom_dimension": {
                                    "width": "",
                                    "height": "50"
                                },
                                "opacity": {
                                    "unit": "px",
                                    "size": 0.1000000000000000055511151231257827021181583404541015625,
                                    "sizes": []
                                },
                                "_animation": "zoomIn",
                                "_element_width": "auto",
                                "_position": "absolute",
                                "_offset_x": {
                                    "size": 373,
                                    "unit": "px"
                                },
                                "_offset_y": {
                                    "size": -8,
                                    "unit": "px"
                                }
                            },
                            "elements": [],
                            "isInner": false,
                            "widgetType": "image",
                            "elType": "widget"
                        }
                    ],
                    "isInner": false,
                    "elType": "column"
                }
            ],
            "isInner": false,
            "elType": "section"
        }
    ],
    "page_settings": {
        "eael_ext_toc_title": "Table of Contents",
        "template": "elementor_header_footer"
    }
}