{
    "version": "0.4",
    "title": "Eunoia V1 &#8211; Header",
    "type": "header",
    "metadata": {
        "template_type": "section-header",
        "include_in_zip": "1",
        "elementor_pro_required": "1",
        "elementor_library_type": "header",
        "elementor_pro_conditions": [
            "include\/general"
        ],
        "additional_template_information": [
            "This is a \"Header\" template for Elementor Pro.",
            "This template will display on: Entire Site."
        ],
        "wp_page_template": "default"
    },
    "content": [
        {
            "id": "46fd1291",
            "settings": {
                "layout": "full_width",
                "content_position": "middle",
                "_ob_glider_nav_pos_y_alt": "50% - 25px",
                "_ob_glider_nav_pos_x_prev_alt": "0%",
                "_ob_glider_nav_pos_x_next_alt": "0%",
                "structure": "30",
                "padding": {
                    "unit": "em",
                    "top": "0",
                    "right": "0",
                    "bottom": "0",
                    "left": "0",
                    "isLinked": true
                },
                "margin": {
                    "unit": "%",
                    "top": "0",
                    "right": 0,
                    "bottom": "-6",
                    "left": 0,
                    "isLinked": false
                },
                "z_index": 9,
                "_ob_bbad_use_it": "",
                "custom_height": {
                    "unit": "vh",
                    "size": 10,
                    "sizes": []
                },
                "margin_tablet": {
                    "unit": "%",
                    "top": "0",
                    "right": 0,
                    "bottom": "0",
                    "left": 0,
                    "isLinked": false
                },
                "margin_mobile": {
                    "unit": "px",
                    "top": "0",
                    "right": 0,
                    "bottom": "0",
                    "left": 0,
                    "isLinked": false
                }
            },
            "elements": [
                {
                    "id": "2f32f588",
                    "settings": {
                        "_column_size": 33,
                        "_inline_size": 15,
                        "_inline_size_tablet": 25,
                        "_inline_size_mobile": 80,
                        "background_background": "classic"
                    },
                    "elements": [
                        {
                            "id": "3ca3d19f",
                            "settings": {
                                "image": {
                                    "url": "https:\/\/demo.moxcreative.com\/eunoia\/wp-content\/uploads\/sites\/18\/2021\/03\/Logo-eunoia.png",
                                    "id": 771
                                },
                                "align_mobile": "left",
                                "width_mobile": {
                                    "unit": "%",
                                    "size": 55,
                                    "sizes": []
                                },
                                "image_size": "full",
                                "align": "left",
                                "width": {
                                    "unit": "%",
                                    "size": 75,
                                    "sizes": []
                                }
                            },
                            "elements": [],
                            "isInner": false,
                            "widgetType": "image",
                            "elType": "widget"
                        }
                    ],
                    "isInner": false,
                    "elType": "column"
                },
                {
                    "id": "35ea6858",
                    "settings": {
                        "_column_size": 33,
                        "_inline_size": 64.332999999999998408384271897375583648681640625,
                        "_inline_size_tablet": 49,
                        "_inline_size_mobile": 20,
                        "border_width": {
                            "unit": "px",
                            "top": "0",
                            "right": "0",
                            "bottom": "1",
                            "left": "0",
                            "isLinked": false
                        },
                        "border_color": "#0A3967"
                    },
                    "elements": [
                        {
                            "id": "59b6c562",
                            "settings": {
                                "align_items": "center",
                                "pointer": "none",
                                "indicator": "angle",
                                "full_width": "stretch",
                                "menu_typography_typography": "custom",
                                "menu_typography_font_family": "Poppins",
                                "padding_horizontal_menu_item_tablet": {
                                    "unit": "px",
                                    "size": 12,
                                    "sizes": []
                                },
                                "color_dropdown_item": "#0A3967",
                                "background_color_dropdown_item": "#FFFFFF",
                                "color_dropdown_item_hover": "#27AFE8",
                                "background_color_dropdown_item_hover": "#FFFFFF",
                                "dropdown_typography_typography": "custom",
                                "dropdown_typography_font_family": "Poppins",
                                "dropdown_typography_font_size": {
                                    "unit": "px",
                                    "size": 16,
                                    "sizes": []
                                },
                                "dropdown_typography_font_size_mobile": {
                                    "unit": "px",
                                    "size": 14,
                                    "sizes": []
                                },
                                "dropdown_border_radius": {
                                    "unit": "px",
                                    "top": "3",
                                    "right": "3",
                                    "bottom": "3",
                                    "left": "3",
                                    "isLinked": true
                                },
                                "padding_horizontal_dropdown_item_mobile": {
                                    "unit": "px",
                                    "size": 38,
                                    "sizes": []
                                },
                                "padding_vertical_dropdown_item_mobile": {
                                    "unit": "px",
                                    "size": 14,
                                    "sizes": []
                                },
                                "dropdown_top_distance_mobile": {
                                    "unit": "px",
                                    "size": 21,
                                    "sizes": []
                                },
                                "toggle_color": "#FFFFFF",
                                "toggle_color_hover": "#27AFE8",
                                "toggle_size_mobile": {
                                    "unit": "px",
                                    "size": 28,
                                    "sizes": []
                                },
                                "color_menu_item": "#FFFFFF",
                                "color_menu_item_hover": "#27AFE8",
                                "toggle_align": "right",
                                "padding_horizontal_dropdown_item_tablet": {
                                    "unit": "px",
                                    "size": 28,
                                    "sizes": []
                                },
                                "padding_vertical_dropdown_item_tablet": {
                                    "unit": "px",
                                    "size": 14,
                                    "sizes": []
                                },
                                "toggle_size_tablet": {
                                    "unit": "px",
                                    "size": 28,
                                    "sizes": []
                                },
                                "menu_typography_font_weight": "500"
                            },
                            "elements": [],
                            "isInner": false,
                            "widgetType": "nav-menu",
                            "elType": "widget"
                        }
                    ],
                    "isInner": false,
                    "elType": "column"
                },
                {
                    "id": "1d0223fd",
                    "settings": {
                        "_column_size": 33,
                        "_inline_size": 20,
                        "_inline_size_tablet": 26,
                        "_inline_size_mobile": 20,
                        "border_width": {
                            "unit": "px",
                            "top": "0",
                            "right": "0",
                            "bottom": "1",
                            "left": "0",
                            "isLinked": false
                        },
                        "border_color": "#0A3967",
                        "padding": {
                            "unit": "px",
                            "top": "0",
                            "right": "25",
                            "bottom": "0",
                            "left": "25",
                            "isLinked": false
                        },
                        "hide_mobile": "hidden-phone"
                    },
                    "elements": [
                        {
                            "id": "4491489",
                            "settings": {
                                "text": "Get Started",
                                "align": "right",
                                "size": "md"
                            },
                            "elements": [],
                            "isInner": false,
                            "widgetType": "button",
                            "elType": "widget"
                        }
                    ],
                    "isInner": false,
                    "elType": "column"
                }
            ],
            "isInner": false,
            "elType": "section"
        }
    ]
}