{
    "version": "0.4",
    "title": "Eunoia V1 &#8211; Archive",
    "type": "archive",
    "metadata": {
        "template_type": "archive-blog",
        "include_in_zip": "1",
        "elementor_pro_required": "1",
        "elementor_library_type": "archive",
        "elementor_pro_conditions": [
            "include\/archive"
        ],
        "additional_template_information": [
            "This is a \"Archive\" template for Elementor Pro.",
            "This template will display on: All Archives."
        ],
        "wp_page_template": "default"
    },
    "content": [
        {
            "id": "7032578d",
            "settings": {
                "content_position": "middle",
                "_ob_glider_nav_pos_y_alt": "50% - 25px",
                "_ob_glider_nav_pos_x_prev_alt": "0%",
                "_ob_glider_nav_pos_x_next_alt": "0%",
                "structure": "20",
                "background_background": "gradient",
                "background_color": "#0B2347",
                "background_color_b": "#0A3967",
                "background_overlay_background": "classic",
                "background_overlay_image": {
                    "url": "https:\/\/demo.moxcreative.com\/eunoia\/wp-content\/uploads\/sites\/18\/2021\/03\/Header_memphis_1.png",
                    "id": 876
                },
                "background_overlay_position": "top right",
                "background_overlay_repeat": "no-repeat",
                "background_overlay_size": "initial",
                "padding": {
                    "unit": "em",
                    "top": "15",
                    "right": "0",
                    "bottom": "5",
                    "left": "0",
                    "isLinked": false
                },
                "background_gradient_angle": {
                    "unit": "deg",
                    "size": 360,
                    "sizes": []
                },
                "background_gradient_type": "radial",
                "background_gradient_position": "bottom left",
                "background_overlay_size_tablet": "initial",
                "background_overlay_size_mobile": "cover",
                "background_overlay_bg_width_tablet": {
                    "unit": "em",
                    "size": "",
                    "sizes": []
                },
                "background_overlay_bg_width_mobile": {
                    "unit": "%",
                    "size": 250,
                    "sizes": []
                },
                "padding_tablet": {
                    "unit": "em",
                    "top": "10",
                    "right": "2",
                    "bottom": "5",
                    "left": "2",
                    "isLinked": false
                }
            },
            "elements": [
                {
                    "id": "2e8a932b",
                    "settings": {
                        "_column_size": 50,
                        "_inline_size": 65
                    },
                    "elements": [
                        {
                            "id": "3643fa55",
                            "settings": {
                                "__dynamic__": {
                                    "title": "[elementor-tag id=\"\" name=\"archive-title\" settings=\"%7B%22include_context%22%3A%22yes%22%2C%22before%22%3A%22%22%2C%22after%22%3A%22%22%2C%22fallback%22%3A%22%22%7D\"]"
                                },
                                "title": "Add Your Heading Text Here",
                                "align_mobile": "center"
                            },
                            "elements": [],
                            "isInner": false,
                            "widgetType": "theme-archive-title",
                            "elType": "widget"
                        }
                    ],
                    "isInner": false,
                    "elType": "column"
                },
                {
                    "id": "4df54c92",
                    "settings": {
                        "_column_size": 50,
                        "_inline_size": 35
                    },
                    "elements": [
                        {
                            "id": "60fa3ead",
                            "settings": {
                                "view": "inline",
                                "icon_list": [
                                    {
                                        "text": "Home",
                                        "selected_icon": {
                                            "value": "",
                                            "library": ""
                                        },
                                        "_id": "959003a"
                                    },
                                    {
                                        "text": "List Item #2",
                                        "selected_icon": {
                                            "value": "icon icon-chevron-right",
                                            "library": "ekiticons"
                                        },
                                        "_id": "9c45e8f",
                                        "__dynamic__": {
                                            "text": "[elementor-tag id=\"1081001\" name=\"archive-title\" settings=\"%7B%7D\"]"
                                        }
                                    }
                                ],
                                "space_between": {
                                    "unit": "px",
                                    "size": 16,
                                    "sizes": []
                                },
                                "icon_align": "right",
                                "icon_align_mobile": "center",
                                "text_indent": {
                                    "unit": "px",
                                    "size": 16,
                                    "sizes": []
                                }
                            },
                            "elements": [],
                            "isInner": false,
                            "widgetType": "icon-list",
                            "elType": "widget"
                        }
                    ],
                    "isInner": false,
                    "elType": "column"
                }
            ],
            "isInner": false,
            "elType": "section"
        },
        {
            "id": "568f593d",
            "settings": {
                "_ob_glider_nav_pos_y_alt": "50% - 25px",
                "_ob_glider_nav_pos_x_prev_alt": "0%",
                "_ob_glider_nav_pos_x_next_alt": "0%",
                "padding": {
                    "unit": "em",
                    "top": "3",
                    "right": "0",
                    "bottom": "5",
                    "left": "0",
                    "isLinked": false
                },
                "padding_mobile": {
                    "unit": "em",
                    "top": "1",
                    "right": "0",
                    "bottom": "2",
                    "left": "0",
                    "isLinked": false
                }
            },
            "elements": [
                {
                    "id": "172e2f9d",
                    "settings": {
                        "_column_size": 100,
                        "_inline_size": null
                    },
                    "elements": [
                        {
                            "id": "af51913",
                            "settings": {
                                "_skin": "archive_cards",
                                "archive_classic_meta_separator": "\/\/\/",
                                "archive_classic_read_more_text": "Read More \u00bb",
                                "archive_cards_thumbnail_size_size": "full",
                                "archive_cards_item_ratio": {
                                    "unit": "px",
                                    "size": 1,
                                    "sizes": []
                                },
                                "archive_cards_item_ratio_mobile": {
                                    "unit": "px",
                                    "size": 1,
                                    "sizes": []
                                },
                                "archive_cards_title_tag": "h5",
                                "archive_cards_show_excerpt": "",
                                "archive_cards_meta_separator": "\u2022",
                                "archive_cards_show_read_more": "",
                                "archive_cards_read_more_text": "Read More \u00bb",
                                "archive_cards_show_avatar": "",
                                "archive_full_content_meta_separator": "\/\/\/",
                                "archive_cards_column_gap": {
                                    "unit": "px",
                                    "size": 15,
                                    "sizes": []
                                },
                                "archive_cards_row_gap": {
                                    "unit": "px",
                                    "size": 15,
                                    "sizes": []
                                },
                                "archive_cards_card_bg_color": "#0A3967",
                                "archive_cards_card_border_radius": {
                                    "unit": "px",
                                    "size": 10,
                                    "sizes": []
                                },
                                "archive_cards_box_shadow_box_shadow_type": "",
                                "archive_cards_meta_border_color": "#02010100",
                                "archive_cards_image_spacing": {
                                    "unit": "px",
                                    "size": 6,
                                    "sizes": []
                                },
                                "archive_cards_badge_position": "left",
                                "archive_cards_badge_bg_color": "#27AFE8",
                                "archive_cards_title_typography_typography": "custom",
                                "archive_cards_title_typography_font_size": {
                                    "unit": "px",
                                    "size": 18,
                                    "sizes": []
                                },
                                "archive_cards_title_spacing": {
                                    "unit": "px",
                                    "size": 16,
                                    "sizes": []
                                },
                                "archive_cards_meta_separator_color": "#27AFE8",
                                "archive_cards_meta_typography_typography": "custom",
                                "archive_cards_meta_typography_font_size": {
                                    "unit": "px",
                                    "size": 14,
                                    "sizes": []
                                },
                                "pagination_page_limit": "5",
                                "pagination_prev_label": "&laquo; Previous",
                                "pagination_next_label": "Next &raquo;",
                                "nothing_found_message": "It seems we can't find what you're looking for.",
                                "_padding_mobile": {
                                    "unit": "em",
                                    "top": "",
                                    "right": "",
                                    "bottom": "",
                                    "left": "",
                                    "isLinked": true
                                },
                                "archive_cards_meta_color": "#FFFFFF"
                            },
                            "elements": [],
                            "isInner": false,
                            "widgetType": "archive-posts",
                            "elType": "widget"
                        },
                        {
                            "id": "56218e96",
                            "settings": {
                                "image": {
                                    "url": "https:\/\/demo.moxcreative.com\/eunoia\/wp-content\/uploads\/sites\/18\/2021\/03\/rounded_1.png",
                                    "id": 762
                                },
                                "image_size": "custom",
                                "image_custom_dimension": {
                                    "width": "40",
                                    "height": ""
                                },
                                "opacity": {
                                    "unit": "px",
                                    "size": 0.5,
                                    "sizes": []
                                },
                                "motion_fx_motion_fx_mouse": "yes",
                                "motion_fx_mouseTrack_effect": "yes",
                                "motion_fx_mouseTrack_speed": {
                                    "unit": "px",
                                    "size": 0.1000000000000000055511151231257827021181583404541015625,
                                    "sizes": []
                                },
                                "_animation": "zoomIn",
                                "_element_width": "auto",
                                "_position": "absolute",
                                "_offset_x": {
                                    "size": 1099,
                                    "unit": "px"
                                },
                                "_offset_y": {
                                    "size": -23,
                                    "unit": "px"
                                }
                            },
                            "elements": [],
                            "isInner": false,
                            "widgetType": "image",
                            "elType": "widget"
                        },
                        {
                            "id": "4d4a67de",
                            "settings": {
                                "image": {
                                    "url": "https:\/\/demo.moxcreative.com\/eunoia\/wp-content\/uploads\/sites\/18\/2021\/03\/rounded_1.png",
                                    "id": 762
                                },
                                "image_size": "custom",
                                "image_custom_dimension": {
                                    "width": "75",
                                    "height": ""
                                },
                                "opacity": {
                                    "unit": "px",
                                    "size": 0.5,
                                    "sizes": []
                                },
                                "motion_fx_motion_fx_mouse": "yes",
                                "motion_fx_mouseTrack_effect": "yes",
                                "motion_fx_mouseTrack_speed": {
                                    "unit": "px",
                                    "size": 0.1000000000000000055511151231257827021181583404541015625,
                                    "sizes": []
                                },
                                "_animation": "zoomIn",
                                "_element_width": "auto",
                                "_position": "absolute",
                                "_offset_x": {
                                    "size": -34,
                                    "unit": "px"
                                },
                                "_offset_y": {
                                    "size": 1030,
                                    "unit": "px"
                                }
                            },
                            "elements": [],
                            "isInner": false,
                            "widgetType": "image",
                            "elType": "widget"
                        }
                    ],
                    "isInner": false,
                    "elType": "column"
                }
            ],
            "isInner": false,
            "elType": "section"
        }
    ]
}