{
    "version": "0.4",
    "title": "Eunoia V1 &#8211; Footer",
    "type": "footer",
    "metadata": {
        "template_type": "section-footer",
        "include_in_zip": "1",
        "elementor_pro_required": "1",
        "elementor_library_type": "footer",
        "elementor_pro_conditions": [
            "include\/general"
        ],
        "additional_template_information": [
            "This is a \"Footer\" template for Elementor Pro.",
            "This template will display on: Entire Site."
        ],
        "wp_page_template": "default"
    },
    "content": [
        {
            "id": "1dec47f1",
            "settings": {
                "_ob_glider_nav_pos_y_alt": "50% - 25px",
                "_ob_glider_nav_pos_x_prev_alt": "0%",
                "_ob_glider_nav_pos_x_next_alt": "0%",
                "structure": "40",
                "background_background": "gradient",
                "background_color": "#0B2347",
                "background_color_b": "#0A3967",
                "background_gradient_angle": {
                    "unit": "deg",
                    "size": 135,
                    "sizes": []
                },
                "padding": {
                    "unit": "em",
                    "top": "5",
                    "right": "0",
                    "bottom": "5",
                    "left": "0",
                    "isLinked": false
                },
                "padding_tablet": {
                    "unit": "em",
                    "top": "2",
                    "right": "0",
                    "bottom": "2",
                    "left": "0",
                    "isLinked": false
                }
            },
            "elements": [
                {
                    "id": "73091790",
                    "settings": {
                        "_column_size": 25,
                        "_inline_size": 30,
                        "_inline_size_tablet": 100,
                        "padding": {
                            "unit": "em",
                            "top": "2",
                            "right": "2",
                            "bottom": "2",
                            "left": "2",
                            "isLinked": true
                        },
                        "padding_mobile": {
                            "unit": "em",
                            "top": "1",
                            "right": "1",
                            "bottom": "1",
                            "left": "1",
                            "isLinked": true
                        }
                    },
                    "elements": [
                        {
                            "id": "476c8c13",
                            "settings": {
                                "image": {
                                    "url": "https:\/\/demo.moxcreative.com\/eunoia\/wp-content\/uploads\/sites\/18\/2021\/03\/Logo-eunoia.png",
                                    "id": 771
                                },
                                "image_size": "full",
                                "align": "left",
                                "align_mobile": "center",
                                "width": {
                                    "unit": "%",
                                    "size": 55,
                                    "sizes": []
                                },
                                "width_tablet": {
                                    "unit": "%",
                                    "size": 25,
                                    "sizes": []
                                },
                                "width_mobile": {
                                    "unit": "%",
                                    "size": 55,
                                    "sizes": []
                                }
                            },
                            "elements": [],
                            "isInner": false,
                            "widgetType": "image",
                            "elType": "widget"
                        },
                        {
                            "id": "cacaf79",
                            "settings": {
                                "align_mobile": "center"
                            },
                            "elements": [],
                            "isInner": false,
                            "widgetType": "text-editor",
                            "elType": "widget"
                        }
                    ],
                    "isInner": false,
                    "elType": "column"
                },
                {
                    "id": "18f6ae28",
                    "settings": {
                        "_column_size": 25,
                        "_inline_size": 20,
                        "_inline_size_tablet": 30,
                        "padding": {
                            "unit": "em",
                            "top": "2",
                            "right": "2",
                            "bottom": "2",
                            "left": "2",
                            "isLinked": true
                        },
                        "padding_mobile": {
                            "unit": "em",
                            "top": "1",
                            "right": "1",
                            "bottom": "1",
                            "left": "1",
                            "isLinked": true
                        }
                    },
                    "elements": [
                        {
                            "id": "53d2949f",
                            "settings": {
                                "title": "Company",
                                "header_size": "h5",
                                "title_color": "#FFFFFF"
                            },
                            "elements": [],
                            "isInner": false,
                            "widgetType": "heading",
                            "elType": "widget"
                        },
                        {
                            "id": "7a62a9e0",
                            "settings": {
                                "layout": "vertical",
                                "pointer": "none",
                                "dropdown": "none",
                                "padding_horizontal_menu_item": {
                                    "unit": "px",
                                    "size": 0,
                                    "sizes": []
                                },
                                "padding_vertical_menu_item": {
                                    "unit": "px",
                                    "size": 6,
                                    "sizes": []
                                }
                            },
                            "elements": [],
                            "isInner": false,
                            "widgetType": "nav-menu",
                            "elType": "widget"
                        }
                    ],
                    "isInner": false,
                    "elType": "column"
                },
                {
                    "id": "40c29fd3",
                    "settings": {
                        "_column_size": 25,
                        "_inline_size": 20,
                        "_inline_size_tablet": 30,
                        "padding": {
                            "unit": "em",
                            "top": "2",
                            "right": "2",
                            "bottom": "2",
                            "left": "2",
                            "isLinked": true
                        },
                        "padding_mobile": {
                            "unit": "em",
                            "top": "1",
                            "right": "1",
                            "bottom": "1",
                            "left": "1",
                            "isLinked": true
                        }
                    },
                    "elements": [
                        {
                            "id": "1839d99f",
                            "settings": {
                                "title": "Help Center",
                                "header_size": "h5",
                                "title_color": "#FFFFFF"
                            },
                            "elements": [],
                            "isInner": false,
                            "widgetType": "heading",
                            "elType": "widget"
                        },
                        {
                            "id": "3a4aa4ce",
                            "settings": {
                                "layout": "vertical",
                                "pointer": "none",
                                "dropdown": "none",
                                "padding_horizontal_menu_item": {
                                    "unit": "px",
                                    "size": 0,
                                    "sizes": []
                                },
                                "padding_vertical_menu_item": {
                                    "unit": "px",
                                    "size": 6,
                                    "sizes": []
                                }
                            },
                            "elements": [],
                            "isInner": false,
                            "widgetType": "nav-menu",
                            "elType": "widget"
                        }
                    ],
                    "isInner": false,
                    "elType": "column"
                },
                {
                    "id": "259843a7",
                    "settings": {
                        "_column_size": 25,
                        "_inline_size": 30,
                        "_inline_size_tablet": 40,
                        "padding": {
                            "unit": "em",
                            "top": "2",
                            "right": "2",
                            "bottom": "2",
                            "left": "2",
                            "isLinked": true
                        },
                        "padding_mobile": {
                            "unit": "em",
                            "top": "1",
                            "right": "1",
                            "bottom": "1",
                            "left": "1",
                            "isLinked": true
                        }
                    },
                    "elements": [
                        {
                            "id": "11e1fa8a",
                            "settings": {
                                "title": "Office",
                                "header_size": "h5",
                                "title_color": "#FFFFFF"
                            },
                            "elements": [],
                            "isInner": false,
                            "widgetType": "heading",
                            "elType": "widget"
                        },
                        {
                            "id": "348aa98",
                            "settings": {
                                "icon_list": [
                                    {
                                        "text": "Jln Cempaka Wangi No 22, Jakarta - Indonesia",
                                        "selected_icon": {
                                            "value": "icon icon-map-marker1",
                                            "library": "ekiticons"
                                        },
                                        "_id": "237e431"
                                    },
                                    {
                                        "text": "support@domain.tld",
                                        "selected_icon": {
                                            "value": "icon icon-envelope1",
                                            "library": "ekiticons"
                                        },
                                        "_id": "6917383"
                                    },
                                    {
                                        "text": "+(62)21-2002-2012",
                                        "selected_icon": {
                                            "value": "icon icon-support",
                                            "library": "ekiticons"
                                        },
                                        "_id": "12354ce"
                                    }
                                ],
                                "space_between": {
                                    "unit": "px",
                                    "size": 16,
                                    "sizes": []
                                },
                                "icon_size": {
                                    "unit": "px",
                                    "size": 28,
                                    "sizes": []
                                },
                                "text_indent": {
                                    "unit": "px",
                                    "size": 16,
                                    "sizes": []
                                }
                            },
                            "elements": [],
                            "isInner": false,
                            "widgetType": "icon-list",
                            "elType": "widget"
                        }
                    ],
                    "isInner": false,
                    "elType": "column"
                }
            ],
            "isInner": false,
            "elType": "section"
        },
        {
            "id": "5c65d19f",
            "settings": {
                "content_position": "middle",
                "_ob_glider_nav_pos_y_alt": "50% - 25px",
                "_ob_glider_nav_pos_x_prev_alt": "0%",
                "_ob_glider_nav_pos_x_next_alt": "0%",
                "structure": "22"
            },
            "elements": [
                {
                    "id": "330b4e4c",
                    "settings": {
                        "_column_size": 66,
                        "_inline_size": null,
                        "padding": {
                            "unit": "em",
                            "top": "1",
                            "right": "1",
                            "bottom": "1",
                            "left": "1",
                            "isLinked": true
                        },
                        "_inline_size_mobile": 100
                    },
                    "elements": [
                        {
                            "id": "368b1dc1",
                            "settings": {
                                "editor": "<p>\u00a9 2021 Eunoia is Proudly Powered by MoxCreative<\/p>",
                                "align_mobile": "center",
                                "typography_typography": "custom",
                                "typography_font_size": {
                                    "unit": "px",
                                    "size": 14,
                                    "sizes": []
                                },
                                "typography_font_size_mobile": {
                                    "unit": "px",
                                    "size": 12,
                                    "sizes": []
                                }
                            },
                            "elements": [],
                            "isInner": false,
                            "widgetType": "text-editor",
                            "elType": "widget"
                        }
                    ],
                    "isInner": false,
                    "elType": "column"
                },
                {
                    "id": "66d99954",
                    "settings": {
                        "_column_size": 33,
                        "_inline_size": null,
                        "_inline_size_mobile": 100
                    },
                    "elements": [
                        {
                            "id": "5a71f51f",
                            "settings": {
                                "social_icon_list": [
                                    {
                                        "social_icon": {
                                            "value": "fab fa-facebook-f",
                                            "library": "fa-brands"
                                        },
                                        "_id": "5802823"
                                    },
                                    {
                                        "social_icon": {
                                            "value": "icon icon-instagram-1",
                                            "library": "ekiticons"
                                        },
                                        "_id": "48569a4"
                                    },
                                    {
                                        "social_icon": {
                                            "value": "fab fa-twitter",
                                            "library": "fa-brands"
                                        },
                                        "_id": "f668f42"
                                    },
                                    {
                                        "social_icon": {
                                            "value": "fab fa-youtube",
                                            "library": "fa-brands"
                                        },
                                        "_id": "15cd877"
                                    }
                                ],
                                "align": "right",
                                "align_mobile": "center",
                                "icon_color": "custom",
                                "icon_primary_color": "#02010100",
                                "icon_size": {
                                    "unit": "px",
                                    "size": 16,
                                    "sizes": []
                                },
                                "hover_animation": "pulse"
                            },
                            "elements": [],
                            "isInner": false,
                            "widgetType": "social-icons",
                            "elType": "widget"
                        }
                    ],
                    "isInner": false,
                    "elType": "column"
                }
            ],
            "isInner": false,
            "elType": "section"
        }
    ]
}