{
    "version": "0.4",
    "title": "Eunoia V1 &#8211; Error 404",
    "type": "error-404",
    "metadata": {
        "template_type": "single-404",
        "include_in_zip": "1",
        "elementor_pro_required": "1",
        "elementor_library_type": "error-404",
        "elementor_pro_conditions": [
            "include\/singular\/not_found404"
        ],
        "additional_template_information": [
            "This is a \"Error 404\" template for Elementor Pro.",
            "This template will display on: 404 Page."
        ],
        "wp_page_template": "default"
    },
    "content": [
        {
            "id": "7dfd9c3d",
            "settings": {
                "content_width": {
                    "unit": "px",
                    "size": 720,
                    "sizes": []
                },
                "_ob_glider_nav_pos_y_alt": "50% - 25px",
                "_ob_glider_nav_pos_x_prev_alt": "0%",
                "_ob_glider_nav_pos_x_next_alt": "0%",
                "background_overlay_background": "classic",
                "background_overlay_image": {
                    "url": "https:\/\/demo.moxcreative.com\/eunoia\/wp-content\/uploads\/sites\/18\/2021\/03\/rainbow-soap-bubble-on-a-black-background-close-up-of-a-colorful-surface-.jpg",
                    "id": 780
                },
                "background_overlay_position": "bottom right",
                "background_overlay_repeat": "no-repeat",
                "background_overlay_size": "cover",
                "background_overlay_bg_width": {
                    "unit": "%",
                    "size": 45,
                    "sizes": []
                },
                "background_overlay_opacity": {
                    "unit": "px",
                    "size": 0.299999999999999988897769753748434595763683319091796875,
                    "sizes": []
                },
                "padding": {
                    "unit": "em",
                    "top": "15",
                    "right": "0",
                    "bottom": "10",
                    "left": "0",
                    "isLinked": false
                },
                "padding_tablet": {
                    "unit": "em",
                    "top": "10",
                    "right": "5",
                    "bottom": "10",
                    "left": "5",
                    "isLinked": false
                },
                "padding_mobile": {
                    "unit": "em",
                    "top": "8",
                    "right": "1",
                    "bottom": "3",
                    "left": "1",
                    "isLinked": false
                }
            },
            "elements": [
                {
                    "id": "3d7280b2",
                    "settings": {
                        "_column_size": 100,
                        "_inline_size": null,
                        "background_background": "classic",
                        "background_color": "#0B2347BF",
                        "border_radius": {
                            "unit": "px",
                            "top": "10",
                            "right": "10",
                            "bottom": "10",
                            "left": "10",
                            "isLinked": true
                        },
                        "padding": {
                            "unit": "em",
                            "top": "5",
                            "right": "5",
                            "bottom": "5",
                            "left": "5",
                            "isLinked": true
                        },
                        "padding_mobile": {
                            "unit": "em",
                            "top": "2",
                            "right": "2",
                            "bottom": "2",
                            "left": "2",
                            "isLinked": true
                        }
                    },
                    "elements": [
                        {
                            "id": "2c27448f",
                            "settings": {
                                "title": "Oops...!",
                                "align": "center",
                                "title_color": "#FFFFFF"
                            },
                            "elements": [],
                            "isInner": false,
                            "widgetType": "heading",
                            "elType": "widget"
                        },
                        {
                            "id": "79ba9536",
                            "settings": {
                                "title": "404",
                                "header_size": "h1",
                                "align": "center",
                                "typography_typography": "custom",
                                "typography_font_size": {
                                    "unit": "px",
                                    "size": 149,
                                    "sizes": []
                                },
                                "typography_font_size_mobile": {
                                    "unit": "px",
                                    "size": 72,
                                    "sizes": []
                                },
                                "typography_font_weight": "700"
                            },
                            "elements": [],
                            "isInner": false,
                            "widgetType": "heading",
                            "elType": "widget"
                        },
                        {
                            "id": "2496e4ab",
                            "settings": {
                                "title": "The page you are looking for no longer exists.\n",
                                "header_size": "h5",
                                "align": "center",
                                "title_color": "#FFFFFF"
                            },
                            "elements": [],
                            "isInner": false,
                            "widgetType": "heading",
                            "elType": "widget"
                        },
                        {
                            "id": "2bf94c1",
                            "settings": {
                                "text": "Back Home",
                                "align": "center",
                                "size": "md",
                                "selected_icon": {
                                    "value": "icon icon-arrow-right",
                                    "library": "ekiticons"
                                },
                                "icon_align": "right",
                                "icon_indent": {
                                    "unit": "px",
                                    "size": 16,
                                    "sizes": []
                                }
                            },
                            "elements": [],
                            "isInner": false,
                            "widgetType": "button",
                            "elType": "widget"
                        }
                    ],
                    "isInner": false,
                    "elType": "column"
                }
            ],
            "isInner": false,
            "elType": "section"
        }
    ]
}