{
    "version": "0.4",
    "title": "Global Kit Styles",
    "type": "section",
    "metadata": {
        "template_type": "global-styles",
        "include_in_zip": "1",
        "elementor_pro_required": "1",
        "additional_template_information": [
            "These are the global theme styles configured through the Elementor Theme Styles area."
        ],
        "wp_page_template": "default"
    },
    "content": [],
    "page_settings": {
        "site_description": "Template Kit For Tech Company &amp; Digital Service",
        "system_colors": [
            {
                "_id": "primary",
                "title": "Primary",
                "color": "#6EC1E4"
            },
            {
                "_id": "secondary",
                "title": "Secondary",
                "color": "#54595F"
            },
            {
                "_id": "text",
                "title": "Text",
                "color": "#7A7A7A"
            },
            {
                "_id": "accent",
                "title": "Accent",
                "color": "#61CE70"
            }
        ],
        "custom_colors": [],
        "system_typography": [
            {
                "_id": "primary",
                "title": "Primary",
                "typography_typography": "custom",
                "typography_font_family": "Roboto",
                "typography_font_weight": "600"
            },
            {
                "_id": "secondary",
                "title": "Secondary",
                "typography_typography": "custom",
                "typography_font_family": "Roboto Slab",
                "typography_font_weight": "400"
            },
            {
                "_id": "text",
                "title": "Text",
                "typography_typography": "custom",
                "typography_font_family": "Roboto",
                "typography_font_weight": "400"
            },
            {
                "_id": "accent",
                "title": "Accent",
                "typography_typography": "custom",
                "typography_font_family": "Roboto",
                "typography_font_weight": "500"
            }
        ],
        "custom_typography": [],
        "default_generic_fonts": "Sans-serif",
        "body_color": "#FFFFFF",
        "body_typography_typography": "custom",
        "body_typography_font_family": "Saira",
        "link_normal_color": "#27AFE8",
        "link_hover_color": "#2CD97B",
        "h1_color": "#FFFFFF",
        "h1_typography_typography": "custom",
        "h1_typography_font_family": "Poppins",
        "h1_typography_font_size": {
            "unit": "px",
            "size": 50,
            "sizes": []
        },
        "h2_color": "#27AFE8",
        "h2_typography_typography": "custom",
        "h2_typography_font_family": "Poppins",
        "h2_typography_font_size": {
            "unit": "px",
            "size": 38,
            "sizes": []
        },
        "h3_color": "#27AFE8",
        "h3_typography_typography": "custom",
        "h3_typography_font_family": "Poppins",
        "h3_typography_font_size": {
            "unit": "px",
            "size": 28,
            "sizes": []
        },
        "h4_color": "#27AFE8",
        "h4_typography_typography": "custom",
        "h4_typography_font_family": "Poppins",
        "h4_typography_font_size": {
            "unit": "px",
            "size": 21,
            "sizes": []
        },
        "h5_color": "#27AFE8",
        "h5_typography_typography": "custom",
        "h5_typography_font_family": "Poppins",
        "h5_typography_font_size": {
            "unit": "px",
            "size": 16,
            "sizes": []
        },
        "h6_color": "#2CD97B",
        "h6_typography_typography": "custom",
        "h6_typography_font_family": "Saira",
        "h6_typography_font_size": {
            "unit": "px",
            "size": 14,
            "sizes": []
        },
        "h6_typography_font_weight": "300",
        "h6_typography_text_transform": "uppercase",
        "h6_typography_letter_spacing": {
            "unit": "px",
            "size": 2,
            "sizes": []
        },
        "button_text_color": "#FFFFFF",
        "button_background_color": "#27AFE8",
        "button_box_shadow_box_shadow_type": "yes",
        "button_box_shadow_box_shadow": {
            "horizontal": -100,
            "vertical": 0,
            "blur": 68,
            "spread": -1,
            "color": "#2CD97B"
        },
        "button_box_shadow_box_shadow_position": "inset",
        "button_border_border": "solid",
        "button_border_width": {
            "unit": "px",
            "top": "0",
            "right": "0",
            "bottom": "0",
            "left": "0",
            "isLinked": true
        },
        "button_hover_text_color": "#FFFFFF",
        "button_hover_background_color": "#2CD97B",
        "button_hover_box_shadow_box_shadow_type": "yes",
        "button_hover_box_shadow_box_shadow": {
            "horizontal": -100,
            "vertical": 0,
            "blur": 68,
            "spread": -1,
            "color": "#27AFE8"
        },
        "button_hover_box_shadow_box_shadow_position": "inset",
        "form_label_color": "#27AFE8",
        "form_label_typography_typography": "custom",
        "form_label_typography_font_weight": "600",
        "form_label_typography_line_height": {
            "unit": "em",
            "size": 1.899999999999999911182158029987476766109466552734375,
            "sizes": []
        },
        "form_field_typography_typography": "custom",
        "form_field_typography_font_weight": "300",
        "form_field_text_color": "#EAEAEA",
        "form_field_background_color": "#0A3967",
        "form_field_border_border": "solid",
        "form_field_border_width": {
            "unit": "px",
            "top": "0",
            "right": "0",
            "bottom": "0",
            "left": "0",
            "isLinked": true
        },
        "form_field_focus_background_color": "#FFFFFF",
        "form_field_focus_border_border": "solid",
        "form_field_focus_border_width": {
            "unit": "px",
            "top": "0",
            "right": "0",
            "bottom": "0",
            "left": "0",
            "isLinked": true
        },
        "form_field_focus_border_color": "#2CD97B",
        "site_name": "Eunoia",
        "body_background_background": "classic",
        "body_background_color": "#0B2347",
        "page_title_selector": "h1.entry-title",
        "__globals__": {
            "form_field_focus_text_color": "globals\/colors?id=text"
        },
        "body_background_image": {
            "url": "https:\/\/demo.moxcreative.com\/eunoia\/wp-content\/uploads\/sites\/18\/2021\/03\/bg_1-1.png",
            "id": 859
        },
        "body_background_position": "center center",
        "body_background_repeat": "repeat-y",
        "body_typography_font_weight": "300",
        "body_typography_font_size_mobile": {
            "unit": "px",
            "size": 14,
            "sizes": []
        },
        "h1_typography_font_size_mobile": {
            "unit": "px",
            "size": 28,
            "sizes": []
        },
        "h2_typography_font_size_mobile": {
            "unit": "px",
            "size": 21,
            "sizes": []
        },
        "h3_typography_font_size_mobile": {
            "unit": "px",
            "size": 18,
            "sizes": []
        },
        "h4_typography_font_size_mobile": {
            "unit": "px",
            "size": 15,
            "sizes": []
        },
        "h5_typography_font_size_mobile": {
            "unit": "px",
            "size": 14,
            "sizes": []
        },
        "h6_typography_font_size_mobile": {
            "unit": "px",
            "size": 12,
            "sizes": []
        }
    }
}