{
    "version": "0.4",
    "title": "Pricing",
    "type": "page",
    "metadata": {
        "template_type": "single-page",
        "include_in_zip": "1",
        "elementor_pro_required": "1",
        "wp_page_template": "elementor_header_footer"
    },
    "content": [
        {
            "id": "7f71601",
            "settings": {
                "content_position": "middle",
                "_ob_glider_nav_pos_y_alt": "50% - 25px",
                "_ob_glider_nav_pos_x_prev_alt": "0%",
                "_ob_glider_nav_pos_x_next_alt": "0%",
                "structure": "20",
                "background_background": "gradient",
                "background_color": "#0B2347",
                "background_color_b": "#0A3967",
                "background_overlay_background": "classic",
                "background_overlay_image": {
                    "url": "https:\/\/demo.moxcreative.com\/eunoia\/wp-content\/uploads\/sites\/18\/2021\/03\/Header_memphis_1.png",
                    "id": 876
                },
                "background_overlay_position": "top right",
                "background_overlay_repeat": "no-repeat",
                "background_overlay_size": "initial",
                "padding": {
                    "unit": "em",
                    "top": "15",
                    "right": "0",
                    "bottom": "5",
                    "left": "0",
                    "isLinked": false
                },
                "background_gradient_angle": {
                    "unit": "deg",
                    "size": 360,
                    "sizes": []
                },
                "background_gradient_type": "radial",
                "background_gradient_position": "bottom left",
                "background_overlay_size_tablet": "initial",
                "background_overlay_size_mobile": "cover",
                "background_overlay_bg_width_tablet": {
                    "unit": "em",
                    "size": "",
                    "sizes": []
                },
                "background_overlay_bg_width_mobile": {
                    "unit": "%",
                    "size": 250,
                    "sizes": []
                },
                "padding_tablet": {
                    "unit": "em",
                    "top": "10",
                    "right": "2",
                    "bottom": "5",
                    "left": "2",
                    "isLinked": false
                }
            },
            "elements": [
                {
                    "id": "16512f6",
                    "settings": {
                        "_column_size": 50,
                        "_inline_size": 65
                    },
                    "elements": [
                        {
                            "id": "28f5f4fd",
                            "settings": {
                                "title": "Add Your Heading Text Here",
                                "header_size": "h1",
                                "__dynamic__": {
                                    "title": "[elementor-tag id=\"2c9ab0b\" name=\"post-title\" settings=\"%7B%7D\"]"
                                },
                                "align_mobile": "center"
                            },
                            "elements": [],
                            "isInner": false,
                            "widgetType": "heading",
                            "elType": "widget"
                        }
                    ],
                    "isInner": false,
                    "elType": "column"
                },
                {
                    "id": "201a469c",
                    "settings": {
                        "_column_size": 50,
                        "_inline_size": 35
                    },
                    "elements": [
                        {
                            "id": "763be42b",
                            "settings": {
                                "view": "inline",
                                "icon_list": [
                                    {
                                        "text": "Home",
                                        "selected_icon": {
                                            "value": "",
                                            "library": ""
                                        },
                                        "_id": "959003a"
                                    },
                                    {
                                        "text": "List Item #2",
                                        "selected_icon": {
                                            "value": "icon icon-chevron-right",
                                            "library": "ekiticons"
                                        },
                                        "_id": "9c45e8f",
                                        "__dynamic__": {
                                            "text": "[elementor-tag id=\"4b846c7\" name=\"post-title\" settings=\"%7B%7D\"]"
                                        }
                                    }
                                ],
                                "space_between": {
                                    "unit": "px",
                                    "size": 16,
                                    "sizes": []
                                },
                                "icon_align": "right",
                                "icon_align_mobile": "center",
                                "text_indent": {
                                    "unit": "px",
                                    "size": 16,
                                    "sizes": []
                                }
                            },
                            "elements": [],
                            "isInner": false,
                            "widgetType": "icon-list",
                            "elType": "widget"
                        }
                    ],
                    "isInner": false,
                    "elType": "column"
                }
            ],
            "isInner": false,
            "elType": "section"
        },
        {
            "id": "4ed4e29f",
            "settings": {
                "content_position": "middle",
                "_ob_glider_nav_pos_y_alt": "50% - 25px",
                "_ob_glider_nav_pos_x_prev_alt": "0%",
                "_ob_glider_nav_pos_x_next_alt": "0%",
                "structure": "20",
                "padding": {
                    "unit": "em",
                    "top": "5",
                    "right": "0",
                    "bottom": "5",
                    "left": "0",
                    "isLinked": false
                },
                "padding_mobile": {
                    "unit": "em",
                    "top": "0",
                    "right": "0",
                    "bottom": "0",
                    "left": "0",
                    "isLinked": true
                }
            },
            "elements": [
                {
                    "id": "21682bf0",
                    "settings": {
                        "_column_size": 50,
                        "_inline_size": 40,
                        "padding": {
                            "unit": "em",
                            "top": "2",
                            "right": "2",
                            "bottom": "2",
                            "left": "2",
                            "isLinked": true
                        },
                        "animation": "fadeInLeft"
                    },
                    "elements": [
                        {
                            "id": "e66dd6a",
                            "settings": {
                                "title": "Special Price",
                                "header_size": "h6",
                                "align_mobile": "center"
                            },
                            "elements": [],
                            "isInner": false,
                            "widgetType": "heading",
                            "elType": "widget"
                        },
                        {
                            "id": "12c596d",
                            "settings": {
                                "title": "Start Your Free Trial Today. ",
                                "align_mobile": "center"
                            },
                            "elements": [],
                            "isInner": false,
                            "widgetType": "heading",
                            "elType": "widget"
                        },
                        {
                            "id": "1c884936",
                            "settings": {
                                "align_mobile": "center"
                            },
                            "elements": [],
                            "isInner": false,
                            "widgetType": "text-editor",
                            "elType": "widget"
                        },
                        {
                            "id": "6c736c70",
                            "settings": {
                                "text": "Start Free Trial",
                                "align_mobile": "center",
                                "size": "md"
                            },
                            "elements": [],
                            "isInner": false,
                            "widgetType": "button",
                            "elType": "widget"
                        }
                    ],
                    "isInner": false,
                    "elType": "column"
                },
                {
                    "id": "1cd75ee8",
                    "settings": {
                        "_column_size": 50,
                        "_inline_size": 60,
                        "padding": {
                            "unit": "em",
                            "top": "",
                            "right": "",
                            "bottom": "",
                            "left": "",
                            "isLinked": true
                        },
                        "animation": "fadeInUp"
                    },
                    "elements": [
                        {
                            "id": "124d7564",
                            "settings": {
                                "image": {
                                    "url": "https:\/\/demo.moxcreative.com\/eunoia\/wp-content\/uploads\/sites\/18\/2021\/03\/young-hacker-making-a-dangerous-virus-for-cyber-attacks.jpg",
                                    "id": 1047
                                },
                                "image_border_radius": {
                                    "unit": "px",
                                    "top": "10",
                                    "right": "10",
                                    "bottom": "10",
                                    "left": "10",
                                    "isLinked": true
                                },
                                "_padding": {
                                    "unit": "em",
                                    "top": "0",
                                    "right": "3",
                                    "bottom": "3",
                                    "left": "0",
                                    "isLinked": false
                                },
                                "_padding_mobile": {
                                    "unit": "em",
                                    "top": "0",
                                    "right": "1",
                                    "bottom": "1",
                                    "left": "0",
                                    "isLinked": false
                                },
                                "_background_background": "classic",
                                "_background_image": {
                                    "url": "https:\/\/demo.moxcreative.com\/eunoia\/wp-content\/uploads\/sites\/18\/2021\/03\/star_memphis.png",
                                    "id": 811
                                },
                                "_background_position": "bottom right",
                                "_background_repeat": "no-repeat",
                                "_background_size": "initial",
                                "_background_bg_width": {
                                    "unit": "%",
                                    "size": 15,
                                    "sizes": []
                                }
                            },
                            "elements": [],
                            "isInner": false,
                            "widgetType": "image",
                            "elType": "widget"
                        },
                        {
                            "id": "166c9c12",
                            "settings": {
                                "image": {
                                    "url": "https:\/\/demo.moxcreative.com\/eunoia\/wp-content\/uploads\/sites\/18\/2021\/03\/rounded_1.png",
                                    "id": 762
                                },
                                "image_size": "custom",
                                "image_custom_dimension": {
                                    "width": "50",
                                    "height": ""
                                },
                                "motion_fx_motion_fx_mouse": "yes",
                                "motion_fx_mouseTrack_effect": "yes",
                                "motion_fx_mouseTrack_speed": {
                                    "unit": "px",
                                    "size": 0.1000000000000000055511151231257827021181583404541015625,
                                    "sizes": []
                                },
                                "_animation": "zoomIn",
                                "_element_width": "auto",
                                "_position": "absolute"
                            },
                            "elements": [],
                            "isInner": false,
                            "widgetType": "image",
                            "elType": "widget"
                        }
                    ],
                    "isInner": false,
                    "elType": "column"
                }
            ],
            "isInner": false,
            "elType": "section"
        },
        {
            "id": "3be660f1",
            "settings": {
                "_ob_glider_nav_pos_y_alt": "50% - 25px",
                "_ob_glider_nav_pos_x_prev_alt": "0%",
                "_ob_glider_nav_pos_x_next_alt": "0%",
                "animation": "fadeInUp"
            },
            "elements": [
                {
                    "id": "4a691bcf",
                    "settings": {
                        "_column_size": 100,
                        "_inline_size": null
                    },
                    "elements": [
                        {
                            "id": "605cad2c",
                            "settings": {
                                "title": "Pricing Table",
                                "header_size": "h6",
                                "align": "center"
                            },
                            "elements": [],
                            "isInner": false,
                            "widgetType": "heading",
                            "elType": "widget"
                        },
                        {
                            "id": "4667545b",
                            "settings": {
                                "title": "The Best Value for Investment",
                                "align": "center"
                            },
                            "elements": [],
                            "isInner": false,
                            "widgetType": "heading",
                            "elType": "widget"
                        },
                        {
                            "id": "75268b2e",
                            "settings": {
                                "_ob_bbad_inner_width": "100%",
                                "_ob_glider_nav_pos_y_alt": "50% - 25px",
                                "_ob_glider_nav_pos_x_prev_alt": "0%",
                                "_ob_glider_nav_pos_x_next_alt": "0%",
                                "structure": "30"
                            },
                            "elements": [
                                {
                                    "id": "169c6571",
                                    "settings": {
                                        "_column_size": 33,
                                        "_inline_size": null
                                    },
                                    "elements": [
                                        {
                                            "id": "1208cd1a",
                                            "settings": {
                                                "heading": "Starter Pack",
                                                "sub_heading": "Basic Services",
                                                "price": "99",
                                                "period": "Monthly",
                                                "features_list": [
                                                    {
                                                        "item_text": "1 User Account",
                                                        "selected_item_icon": {
                                                            "value": "icon icon-checkmark",
                                                            "library": "ekiticons"
                                                        },
                                                        "_id": "8036aed"
                                                    },
                                                    {
                                                        "item_text": "1 GB Cloud Services",
                                                        "selected_item_icon": {
                                                            "value": "icon icon-checkmark",
                                                            "library": "ekiticons"
                                                        },
                                                        "_id": "0e7d22b"
                                                    },
                                                    {
                                                        "item_text": "1000 Organic Traffic",
                                                        "selected_item_icon": {
                                                            "value": "icon icon-checkmark",
                                                            "library": "ekiticons"
                                                        },
                                                        "_id": "3454298"
                                                    },
                                                    {
                                                        "item_text": "1 Company Website",
                                                        "selected_item_icon": {
                                                            "value": "icon icon-checkmark",
                                                            "library": "ekiticons"
                                                        },
                                                        "_id": "dd096cf"
                                                    },
                                                    {
                                                        "item_text": "Free Maintenance Weekly",
                                                        "selected_item_icon": {
                                                            "value": "icon icon-checkmark",
                                                            "library": "ekiticons"
                                                        },
                                                        "_id": "e6c77a0"
                                                    },
                                                    {
                                                        "item_text": "Monthly Report",
                                                        "selected_item_icon": {
                                                            "value": "icon icon-checkmark",
                                                            "library": "ekiticons"
                                                        },
                                                        "_id": "f5a9852"
                                                    }
                                                ],
                                                "button_text": "Start Free 7 Days Trial",
                                                "footer_additional_info": "No credit card required*",
                                                "ribbon_title": "Popular",
                                                "header_bg_color": "#091D4200",
                                                "heading_typography_typography": "custom",
                                                "sub_heading_typography_typography": "custom",
                                                "sub_heading_typography_font_size": {
                                                    "unit": "px",
                                                    "size": 16,
                                                    "sizes": []
                                                },
                                                "sub_heading_typography_line_height": {
                                                    "unit": "em",
                                                    "size": 1.899999999999999911182158029987476766109466552734375,
                                                    "sizes": []
                                                },
                                                "pricing_element_bg_color": "#091D42",
                                                "price_color": "#27AFE8",
                                                "price_typography_typography": "custom",
                                                "price_typography_font_weight": "600",
                                                "period_color": "#FFFFFF",
                                                "features_list_bg_color": "#091D42",
                                                "features_list_padding": {
                                                    "unit": "em",
                                                    "top": "0",
                                                    "right": "1",
                                                    "bottom": "0",
                                                    "left": "1",
                                                    "isLinked": false
                                                },
                                                "features_list_typography_typography": "custom",
                                                "features_list_typography_font_size": {
                                                    "unit": "px",
                                                    "size": 16,
                                                    "sizes": []
                                                },
                                                "features_list_alignment": "left",
                                                "divider_color": "#0A3967",
                                                "divider_weight": {
                                                    "unit": "px",
                                                    "size": 1,
                                                    "sizes": []
                                                },
                                                "footer_bg_color": "#091D42",
                                                "additional_info_typography_typography": "custom",
                                                "additional_info_typography_font_size": {
                                                    "unit": "px",
                                                    "size": 14,
                                                    "sizes": []
                                                },
                                                "ribbon_bg_color": "#2CD97B",
                                                "ribbon_typography_typography": "custom",
                                                "ribbon_typography_font_weight": "400",
                                                "_background_background": "gradient",
                                                "_background_color": "#27AFE8",
                                                "_background_color_b": "#2CD97B",
                                                "_background_gradient_angle": {
                                                    "unit": "deg",
                                                    "size": 135,
                                                    "sizes": []
                                                },
                                                "_border_border": "solid",
                                                "_border_width": {
                                                    "unit": "px",
                                                    "top": "1",
                                                    "right": "1",
                                                    "bottom": "1",
                                                    "left": "1",
                                                    "isLinked": true
                                                },
                                                "_border_color": "#0A3967",
                                                "_border_radius": {
                                                    "unit": "px",
                                                    "top": "10",
                                                    "right": "10",
                                                    "bottom": "10",
                                                    "left": "10",
                                                    "isLinked": true
                                                },
                                                "_border_hover_border": "solid",
                                                "_border_hover_width": {
                                                    "unit": "px",
                                                    "top": "1",
                                                    "right": "1",
                                                    "bottom": "1",
                                                    "left": "1",
                                                    "isLinked": true
                                                },
                                                "_border_hover_color": "#27AFE8"
                                            },
                                            "elements": [],
                                            "isInner": false,
                                            "widgetType": "price-table",
                                            "elType": "widget"
                                        }
                                    ],
                                    "isInner": true,
                                    "elType": "column"
                                },
                                {
                                    "id": "55173ff5",
                                    "settings": {
                                        "_column_size": 33,
                                        "_inline_size": null
                                    },
                                    "elements": [
                                        {
                                            "id": "7619af90",
                                            "settings": {
                                                "heading": "Pro Pack",
                                                "sub_heading": "Pro Services",
                                                "price": "299",
                                                "period": "Monthly",
                                                "features_list": [
                                                    {
                                                        "item_text": "5 User Account",
                                                        "selected_item_icon": {
                                                            "value": "icon icon-checkmark",
                                                            "library": "ekiticons"
                                                        },
                                                        "_id": "8036aed"
                                                    },
                                                    {
                                                        "item_text": "10 GB Cloud Services",
                                                        "selected_item_icon": {
                                                            "value": "icon icon-checkmark",
                                                            "library": "ekiticons"
                                                        },
                                                        "_id": "0e7d22b"
                                                    },
                                                    {
                                                        "item_text": "5000 Organic Traffic",
                                                        "selected_item_icon": {
                                                            "value": "icon icon-checkmark",
                                                            "library": "ekiticons"
                                                        },
                                                        "_id": "3454298"
                                                    },
                                                    {
                                                        "item_text": "1 Company Website",
                                                        "selected_item_icon": {
                                                            "value": "icon icon-checkmark",
                                                            "library": "ekiticons"
                                                        },
                                                        "_id": "dd096cf"
                                                    },
                                                    {
                                                        "item_text": "Free Maintenance Daily",
                                                        "selected_item_icon": {
                                                            "value": "icon icon-checkmark",
                                                            "library": "ekiticons"
                                                        },
                                                        "_id": "e6c77a0"
                                                    },
                                                    {
                                                        "item_text": "Weekly Report",
                                                        "selected_item_icon": {
                                                            "value": "icon icon-checkmark",
                                                            "library": "ekiticons"
                                                        },
                                                        "_id": "f5a9852"
                                                    }
                                                ],
                                                "button_text": "Start Free 7 Days Trial",
                                                "footer_additional_info": "No credit card required*",
                                                "ribbon_title": "Popular",
                                                "header_bg_color": "#091D4200",
                                                "heading_typography_typography": "custom",
                                                "sub_heading_typography_typography": "custom",
                                                "sub_heading_typography_font_size": {
                                                    "unit": "px",
                                                    "size": 16,
                                                    "sizes": []
                                                },
                                                "sub_heading_typography_line_height": {
                                                    "unit": "em",
                                                    "size": 1.899999999999999911182158029987476766109466552734375,
                                                    "sizes": []
                                                },
                                                "pricing_element_bg_color": "#0A3967",
                                                "price_color": "#27AFE8",
                                                "price_typography_typography": "custom",
                                                "price_typography_font_weight": "600",
                                                "period_color": "#FFFFFF",
                                                "features_list_bg_color": "#0A3967",
                                                "features_list_padding": {
                                                    "unit": "em",
                                                    "top": "0",
                                                    "right": "1",
                                                    "bottom": "0",
                                                    "left": "1",
                                                    "isLinked": false
                                                },
                                                "features_list_typography_typography": "custom",
                                                "features_list_typography_font_size": {
                                                    "unit": "px",
                                                    "size": 16,
                                                    "sizes": []
                                                },
                                                "features_list_alignment": "left",
                                                "divider_color": "#0A3967",
                                                "divider_weight": {
                                                    "unit": "px",
                                                    "size": 1,
                                                    "sizes": []
                                                },
                                                "footer_bg_color": "#0A3967",
                                                "additional_info_typography_typography": "custom",
                                                "additional_info_typography_font_size": {
                                                    "unit": "px",
                                                    "size": 14,
                                                    "sizes": []
                                                },
                                                "ribbon_bg_color": "#2CD97B",
                                                "ribbon_typography_typography": "custom",
                                                "ribbon_typography_font_weight": "400",
                                                "_background_background": "gradient",
                                                "_background_color": "#27AFE8",
                                                "_background_color_b": "#2CD97B",
                                                "_background_gradient_angle": {
                                                    "unit": "deg",
                                                    "size": 135,
                                                    "sizes": []
                                                },
                                                "_border_border": "solid",
                                                "_border_width": {
                                                    "unit": "px",
                                                    "top": "1",
                                                    "right": "1",
                                                    "bottom": "1",
                                                    "left": "1",
                                                    "isLinked": true
                                                },
                                                "_border_color": "#0A3967",
                                                "_border_radius": {
                                                    "unit": "px",
                                                    "top": "10",
                                                    "right": "10",
                                                    "bottom": "10",
                                                    "left": "10",
                                                    "isLinked": true
                                                },
                                                "_border_hover_border": "solid",
                                                "_border_hover_width": {
                                                    "unit": "px",
                                                    "top": "1",
                                                    "right": "1",
                                                    "bottom": "1",
                                                    "left": "1",
                                                    "isLinked": true
                                                },
                                                "_border_hover_color": "#27AFE8"
                                            },
                                            "elements": [],
                                            "isInner": false,
                                            "widgetType": "price-table",
                                            "elType": "widget"
                                        }
                                    ],
                                    "isInner": true,
                                    "elType": "column"
                                },
                                {
                                    "id": "94e140e",
                                    "settings": {
                                        "_column_size": 33,
                                        "_inline_size": null
                                    },
                                    "elements": [
                                        {
                                            "id": "4fc9a714",
                                            "settings": {
                                                "heading": "Starter Pack",
                                                "sub_heading": "Basic Services",
                                                "price": "599",
                                                "period": "Monthly",
                                                "features_list": [
                                                    {
                                                        "item_text": "Unlimited User Account",
                                                        "selected_item_icon": {
                                                            "value": "icon icon-checkmark",
                                                            "library": "ekiticons"
                                                        },
                                                        "_id": "8036aed"
                                                    },
                                                    {
                                                        "item_text": "20 GB Cloud Services",
                                                        "selected_item_icon": {
                                                            "value": "icon icon-checkmark",
                                                            "library": "ekiticons"
                                                        },
                                                        "_id": "0e7d22b"
                                                    },
                                                    {
                                                        "item_text": "10.000 Organic Traffic",
                                                        "selected_item_icon": {
                                                            "value": "icon icon-checkmark",
                                                            "library": "ekiticons"
                                                        },
                                                        "_id": "3454298"
                                                    },
                                                    {
                                                        "item_text": "3 Company Website",
                                                        "selected_item_icon": {
                                                            "value": "icon icon-checkmark",
                                                            "library": "ekiticons"
                                                        },
                                                        "_id": "dd096cf"
                                                    },
                                                    {
                                                        "item_text": "Free Every 12 hour",
                                                        "selected_item_icon": {
                                                            "value": "icon icon-checkmark",
                                                            "library": "ekiticons"
                                                        },
                                                        "_id": "e6c77a0"
                                                    },
                                                    {
                                                        "item_text": "Daily Report",
                                                        "selected_item_icon": {
                                                            "value": "icon icon-checkmark",
                                                            "library": "ekiticons"
                                                        },
                                                        "_id": "f5a9852"
                                                    }
                                                ],
                                                "button_text": "Start Free 7 Days Trial",
                                                "footer_additional_info": "No credit card required*",
                                                "ribbon_title": "Popular",
                                                "header_bg_color": "#091D4200",
                                                "heading_typography_typography": "custom",
                                                "sub_heading_typography_typography": "custom",
                                                "sub_heading_typography_font_size": {
                                                    "unit": "px",
                                                    "size": 16,
                                                    "sizes": []
                                                },
                                                "sub_heading_typography_line_height": {
                                                    "unit": "em",
                                                    "size": 1.899999999999999911182158029987476766109466552734375,
                                                    "sizes": []
                                                },
                                                "pricing_element_bg_color": "#091D42",
                                                "price_color": "#27AFE8",
                                                "price_typography_typography": "custom",
                                                "price_typography_font_weight": "600",
                                                "period_color": "#FFFFFF",
                                                "features_list_bg_color": "#091D42",
                                                "features_list_padding": {
                                                    "unit": "em",
                                                    "top": "0",
                                                    "right": "1",
                                                    "bottom": "0",
                                                    "left": "1",
                                                    "isLinked": false
                                                },
                                                "features_list_typography_typography": "custom",
                                                "features_list_typography_font_size": {
                                                    "unit": "px",
                                                    "size": 16,
                                                    "sizes": []
                                                },
                                                "features_list_alignment": "left",
                                                "divider_color": "#0A3967",
                                                "divider_weight": {
                                                    "unit": "px",
                                                    "size": 1,
                                                    "sizes": []
                                                },
                                                "footer_bg_color": "#091D42",
                                                "additional_info_typography_typography": "custom",
                                                "additional_info_typography_font_size": {
                                                    "unit": "px",
                                                    "size": 14,
                                                    "sizes": []
                                                },
                                                "ribbon_bg_color": "#2CD97B",
                                                "ribbon_typography_typography": "custom",
                                                "ribbon_typography_font_weight": "400",
                                                "_background_background": "gradient",
                                                "_background_color": "#27AFE8",
                                                "_background_color_b": "#2CD97B",
                                                "_background_gradient_angle": {
                                                    "unit": "deg",
                                                    "size": 135,
                                                    "sizes": []
                                                },
                                                "_border_border": "solid",
                                                "_border_width": {
                                                    "unit": "px",
                                                    "top": "1",
                                                    "right": "1",
                                                    "bottom": "1",
                                                    "left": "1",
                                                    "isLinked": true
                                                },
                                                "_border_color": "#0A3967",
                                                "_border_radius": {
                                                    "unit": "px",
                                                    "top": "10",
                                                    "right": "10",
                                                    "bottom": "10",
                                                    "left": "10",
                                                    "isLinked": true
                                                },
                                                "_border_hover_border": "solid",
                                                "_border_hover_width": {
                                                    "unit": "px",
                                                    "top": "1",
                                                    "right": "1",
                                                    "bottom": "1",
                                                    "left": "1",
                                                    "isLinked": true
                                                },
                                                "_border_hover_color": "#27AFE8"
                                            },
                                            "elements": [],
                                            "isInner": false,
                                            "widgetType": "price-table",
                                            "elType": "widget"
                                        }
                                    ],
                                    "isInner": true,
                                    "elType": "column"
                                }
                            ],
                            "isInner": true,
                            "elType": "section"
                        }
                    ],
                    "isInner": false,
                    "elType": "column"
                }
            ],
            "isInner": false,
            "elType": "section"
        },
        {
            "id": "451f217",
            "settings": {
                "_ob_glider_nav_pos_y_alt": "50% - 25px",
                "_ob_glider_nav_pos_x_prev_alt": "0%",
                "_ob_glider_nav_pos_x_next_alt": "0%",
                "padding": {
                    "unit": "em",
                    "top": "5",
                    "right": "0",
                    "bottom": "5",
                    "left": "0",
                    "isLinked": false
                },
                "padding_tablet": {
                    "unit": "em",
                    "top": "3",
                    "right": "3",
                    "bottom": "3",
                    "left": "3",
                    "isLinked": true
                },
                "padding_mobile": {
                    "unit": "em",
                    "top": "1",
                    "right": "1",
                    "bottom": "1",
                    "left": "1",
                    "isLinked": true
                }
            },
            "elements": [
                {
                    "id": "78ad0370",
                    "settings": {
                        "_column_size": 100,
                        "_inline_size": null,
                        "background_background": "gradient",
                        "background_color": "#091D42",
                        "background_color_b": "#0A3967",
                        "background_gradient_angle": {
                            "unit": "deg",
                            "size": 135,
                            "sizes": []
                        },
                        "background_overlay_background": "classic",
                        "background_overlay_image": {
                            "url": "https:\/\/demo.moxcreative.com\/eunoia\/wp-content\/uploads\/sites\/18\/2021\/03\/Header_memphis.png",
                            "id": 767
                        },
                        "background_overlay_position": "top right",
                        "background_overlay_repeat": "no-repeat",
                        "border_border": "solid",
                        "border_width": {
                            "unit": "px",
                            "top": "1",
                            "right": "1",
                            "bottom": "1",
                            "left": "1",
                            "isLinked": true
                        },
                        "border_color": "#0A3967",
                        "border_radius": {
                            "unit": "px",
                            "top": "10",
                            "right": "10",
                            "bottom": "10",
                            "left": "10",
                            "isLinked": true
                        },
                        "padding": {
                            "unit": "em",
                            "top": "5",
                            "right": "5",
                            "bottom": "5",
                            "left": "5",
                            "isLinked": true
                        },
                        "padding_mobile": {
                            "unit": "em",
                            "top": "3",
                            "right": "1",
                            "bottom": "3",
                            "left": "1",
                            "isLinked": false
                        }
                    },
                    "elements": [
                        {
                            "id": "76eb3db",
                            "settings": {
                                "title": "Ready For Awesome Project With Us?",
                                "align": "center"
                            },
                            "elements": [],
                            "isInner": false,
                            "widgetType": "heading",
                            "elType": "widget"
                        },
                        {
                            "id": "603d33b8",
                            "settings": {
                                "title": "Let's Talk About Your Project.",
                                "header_size": "h4",
                                "align": "center"
                            },
                            "elements": [],
                            "isInner": false,
                            "widgetType": "heading",
                            "elType": "widget"
                        },
                        {
                            "id": "17190bed",
                            "settings": {
                                "text": "Contact Us",
                                "align": "center",
                                "size": "md",
                                "selected_icon": {
                                    "value": "fas fa-chevron-right",
                                    "library": "fa-solid"
                                },
                                "icon_align": "right",
                                "icon_indent": {
                                    "unit": "px",
                                    "size": 16,
                                    "sizes": []
                                }
                            },
                            "elements": [],
                            "isInner": false,
                            "widgetType": "button",
                            "elType": "widget"
                        },
                        {
                            "id": "6178988b",
                            "settings": {
                                "image": {
                                    "url": "https:\/\/demo.moxcreative.com\/eunoia\/wp-content\/uploads\/sites\/18\/2021\/03\/rounded_1.png",
                                    "id": 762
                                },
                                "image_size": "custom",
                                "image_custom_dimension": {
                                    "width": "40",
                                    "height": ""
                                },
                                "_animation": "zoomIn",
                                "_element_width": "auto",
                                "_position": "absolute",
                                "_offset_x": {
                                    "size": 6,
                                    "unit": "px"
                                },
                                "_offset_y": {
                                    "size": -17,
                                    "unit": "px"
                                }
                            },
                            "elements": [],
                            "isInner": false,
                            "widgetType": "image",
                            "elType": "widget"
                        },
                        {
                            "id": "40abd635",
                            "settings": {
                                "image": {
                                    "url": "https:\/\/demo.moxcreative.com\/eunoia\/wp-content\/uploads\/sites\/18\/2021\/03\/rounded_1.png",
                                    "id": 762
                                },
                                "image_size": "custom",
                                "image_custom_dimension": {
                                    "width": "25",
                                    "height": ""
                                },
                                "_animation": "zoomIn",
                                "_element_width": "auto",
                                "_position": "absolute",
                                "_offset_x": {
                                    "size": 61,
                                    "unit": "px"
                                },
                                "_offset_x_mobile": {
                                    "size": -12,
                                    "unit": "px"
                                },
                                "_offset_y": {
                                    "size": 25,
                                    "unit": "px"
                                },
                                "_offset_y_mobile": {
                                    "size": 28,
                                    "unit": "px"
                                }
                            },
                            "elements": [],
                            "isInner": false,
                            "widgetType": "image",
                            "elType": "widget"
                        },
                        {
                            "id": "518e7105",
                            "settings": {
                                "image": {
                                    "url": "https:\/\/demo.moxcreative.com\/eunoia\/wp-content\/uploads\/sites\/18\/2021\/03\/rounded_1.png",
                                    "id": 762
                                },
                                "image_size": "custom",
                                "image_custom_dimension": {
                                    "width": "25",
                                    "height": ""
                                },
                                "_animation": "zoomIn",
                                "_element_width": "auto",
                                "_position": "absolute",
                                "_offset_x": {
                                    "size": 1060,
                                    "unit": "px"
                                },
                                "_offset_y": {
                                    "size": 261,
                                    "unit": "px"
                                }
                            },
                            "elements": [],
                            "isInner": false,
                            "widgetType": "image",
                            "elType": "widget"
                        },
                        {
                            "id": "44f28111",
                            "settings": {
                                "image": {
                                    "url": "https:\/\/demo.moxcreative.com\/eunoia\/wp-content\/uploads\/sites\/18\/2021\/03\/rounded_1.png",
                                    "id": 762
                                },
                                "image_size": "custom",
                                "image_custom_dimension": {
                                    "width": "75",
                                    "height": ""
                                },
                                "_animation": "zoomIn",
                                "_element_width": "auto",
                                "_position": "absolute",
                                "_offset_x": {
                                    "size": 1065,
                                    "unit": "px"
                                },
                                "_offset_y": {
                                    "size": 296,
                                    "unit": "px"
                                }
                            },
                            "elements": [],
                            "isInner": false,
                            "widgetType": "image",
                            "elType": "widget"
                        }
                    ],
                    "isInner": false,
                    "elType": "column"
                }
            ],
            "isInner": false,
            "elType": "section"
        }
    ],
    "page_settings": {
        "eael_ext_toc_title": "Table of Contents",
        "template": "elementor_header_footer"
    }
}