{
    "version": "0.4",
    "title": "Single Service",
    "type": "page",
    "metadata": {
        "template_type": "single-page",
        "include_in_zip": "1",
        "elementor_pro_required": "1",
        "wp_page_template": "elementor_header_footer"
    },
    "content": [
        {
            "id": "646a888e",
            "settings": {
                "content_position": "middle",
                "_ob_glider_nav_pos_y_alt": "50% - 25px",
                "_ob_glider_nav_pos_x_prev_alt": "0%",
                "_ob_glider_nav_pos_x_next_alt": "0%",
                "structure": "20",
                "background_background": "gradient",
                "background_color": "#0B2347",
                "background_color_b": "#0A3967",
                "background_overlay_background": "classic",
                "background_overlay_image": {
                    "url": "https:\/\/demo.moxcreative.com\/eunoia\/wp-content\/uploads\/sites\/18\/2021\/03\/Header_memphis_1.png",
                    "id": 876
                },
                "background_overlay_position": "top right",
                "background_overlay_repeat": "no-repeat",
                "background_overlay_size": "initial",
                "padding": {
                    "unit": "em",
                    "top": "15",
                    "right": "0",
                    "bottom": "5",
                    "left": "0",
                    "isLinked": false
                },
                "background_gradient_angle": {
                    "unit": "deg",
                    "size": 360,
                    "sizes": []
                },
                "background_gradient_type": "radial",
                "background_gradient_position": "bottom left",
                "background_overlay_size_tablet": "initial",
                "background_overlay_size_mobile": "cover",
                "background_overlay_bg_width_tablet": {
                    "unit": "em",
                    "size": "",
                    "sizes": []
                },
                "background_overlay_bg_width_mobile": {
                    "unit": "%",
                    "size": 250,
                    "sizes": []
                },
                "padding_tablet": {
                    "unit": "em",
                    "top": "10",
                    "right": "2",
                    "bottom": "5",
                    "left": "2",
                    "isLinked": false
                }
            },
            "elements": [
                {
                    "id": "e539003",
                    "settings": {
                        "_column_size": 50,
                        "_inline_size": 65
                    },
                    "elements": [
                        {
                            "id": "20e38815",
                            "settings": {
                                "title": "Add Your Heading Text Here",
                                "header_size": "h1",
                                "__dynamic__": {
                                    "title": "[elementor-tag id=\"2c9ab0b\" name=\"post-title\" settings=\"%7B%7D\"]"
                                },
                                "align_mobile": "center"
                            },
                            "elements": [],
                            "isInner": false,
                            "widgetType": "heading",
                            "elType": "widget"
                        }
                    ],
                    "isInner": false,
                    "elType": "column"
                },
                {
                    "id": "11225378",
                    "settings": {
                        "_column_size": 50,
                        "_inline_size": 35
                    },
                    "elements": [
                        {
                            "id": "32cab759",
                            "settings": {
                                "view": "inline",
                                "icon_list": [
                                    {
                                        "text": "Home",
                                        "selected_icon": {
                                            "value": "",
                                            "library": ""
                                        },
                                        "_id": "959003a"
                                    },
                                    {
                                        "text": "List Item #2",
                                        "selected_icon": {
                                            "value": "icon icon-chevron-right",
                                            "library": "ekiticons"
                                        },
                                        "_id": "9c45e8f",
                                        "__dynamic__": {
                                            "text": "[elementor-tag id=\"4b846c7\" name=\"post-title\" settings=\"%7B%7D\"]"
                                        }
                                    }
                                ],
                                "space_between": {
                                    "unit": "px",
                                    "size": 16,
                                    "sizes": []
                                },
                                "icon_align": "right",
                                "icon_align_mobile": "center",
                                "text_indent": {
                                    "unit": "px",
                                    "size": 16,
                                    "sizes": []
                                }
                            },
                            "elements": [],
                            "isInner": false,
                            "widgetType": "icon-list",
                            "elType": "widget"
                        }
                    ],
                    "isInner": false,
                    "elType": "column"
                }
            ],
            "isInner": false,
            "elType": "section"
        },
        {
            "id": "23b70746",
            "settings": {
                "_ob_glider_nav_pos_y_alt": "50% - 25px",
                "_ob_glider_nav_pos_x_prev_alt": "0%",
                "_ob_glider_nav_pos_x_next_alt": "0%",
                "structure": "22",
                "padding": {
                    "unit": "em",
                    "top": "3",
                    "right": "0",
                    "bottom": "5",
                    "left": "0",
                    "isLinked": false
                },
                "padding_mobile": {
                    "unit": "em",
                    "top": "0",
                    "right": "0",
                    "bottom": "0",
                    "left": "0",
                    "isLinked": true
                }
            },
            "elements": [
                {
                    "id": "76d03d33",
                    "settings": {
                        "_column_size": 66,
                        "_inline_size": null,
                        "_inline_size_tablet": 100,
                        "padding": {
                            "unit": "em",
                            "top": "2",
                            "right": "2",
                            "bottom": "2",
                            "left": "2",
                            "isLinked": true
                        },
                        "padding_mobile": {
                            "unit": "em",
                            "top": "1",
                            "right": "1",
                            "bottom": "1",
                            "left": "1",
                            "isLinked": true
                        }
                    },
                    "elements": [
                        {
                            "id": "68e2db46",
                            "settings": {
                                "title": "Website Design",
                                "align_mobile": "center"
                            },
                            "elements": [],
                            "isInner": false,
                            "widgetType": "heading",
                            "elType": "widget"
                        },
                        {
                            "id": "1c18ce9c",
                            "settings": {
                                "image": {
                                    "url": "https:\/\/demo.moxcreative.com\/eunoia\/wp-content\/uploads\/sites\/18\/2021\/03\/scrolling-through-their-social-media.jpg",
                                    "id": 749
                                },
                                "image_size": "full",
                                "width": {
                                    "unit": "%",
                                    "size": 100,
                                    "sizes": []
                                },
                                "height": {
                                    "unit": "vh",
                                    "size": 50,
                                    "sizes": []
                                },
                                "object-fit": "cover",
                                "css_filters_css_filter": "custom",
                                "css_filters_saturate": {
                                    "unit": "px",
                                    "size": 25,
                                    "sizes": []
                                },
                                "css_filters_hover_css_filter": "custom",
                                "image_border_radius": {
                                    "unit": "px",
                                    "top": "10",
                                    "right": "10",
                                    "bottom": "10",
                                    "left": "10",
                                    "isLinked": true
                                }
                            },
                            "elements": [],
                            "isInner": false,
                            "widgetType": "image",
                            "elType": "widget"
                        },
                        {
                            "id": "2f17a06f",
                            "settings": {
                                "title": "Overview",
                                "header_size": "h3"
                            },
                            "elements": [],
                            "isInner": false,
                            "widgetType": "heading",
                            "elType": "widget"
                        },
                        {
                            "id": "2fcfb9db",
                            "settings": {
                                "editor": "<p>Massa proin morbi habitant interdum ad. Non suspendisse eu nam morbi mauris volutpat. Enim mauris litora at lorem sollicitudin. Ad ante accumsan per.<\/p><p>Vitae proin ornare sem dictum massa nunc. Egestas rhoncus turpis maximus per enim bibendum tincidunt. Maecenas condimentum aliquet aliquam elementum class nisi. Sagittis penatibus placerat ut laoreet dolor.<\/p>"
                            },
                            "elements": [],
                            "isInner": false,
                            "widgetType": "text-editor",
                            "elType": "widget"
                        },
                        {
                            "id": "5891b792",
                            "settings": {
                                "title": "Featured",
                                "header_size": "h3"
                            },
                            "elements": [],
                            "isInner": false,
                            "widgetType": "heading",
                            "elType": "widget"
                        },
                        {
                            "id": "5c626d14",
                            "settings": {
                                "_ob_bbad_inner_width": "100%",
                                "_ob_glider_nav_pos_y_alt": "50% - 25px",
                                "_ob_glider_nav_pos_x_prev_alt": "0%",
                                "_ob_glider_nav_pos_x_next_alt": "0%",
                                "structure": "20",
                                "margin": {
                                    "unit": "em",
                                    "top": "1",
                                    "right": 0,
                                    "bottom": "1",
                                    "left": 0,
                                    "isLinked": true
                                }
                            },
                            "elements": [
                                {
                                    "id": "25d767c7",
                                    "settings": {
                                        "_column_size": 50,
                                        "_inline_size": null
                                    },
                                    "elements": [
                                        {
                                            "id": "1b68f8f4",
                                            "settings": {
                                                "icon_list": [
                                                    {
                                                        "text": "1 GB Cloud Hosting",
                                                        "selected_icon": {
                                                            "value": "icon icon-checkmark",
                                                            "library": "ekiticons"
                                                        },
                                                        "_id": "c9d5730"
                                                    },
                                                    {
                                                        "text": "Access Cpanel",
                                                        "selected_icon": {
                                                            "value": "icon icon-checkmark",
                                                            "library": "ekiticons"
                                                        },
                                                        "_id": "4dbe372"
                                                    },
                                                    {
                                                        "text": "Minimalist Dashboard",
                                                        "selected_icon": {
                                                            "value": "icon icon-checkmark",
                                                            "library": "ekiticons"
                                                        },
                                                        "_id": "8918d7d"
                                                    },
                                                    {
                                                        "text": "5 Account Access",
                                                        "selected_icon": {
                                                            "value": "icon icon-checkmark",
                                                            "library": "ekiticons"
                                                        },
                                                        "_id": "7eef819"
                                                    },
                                                    {
                                                        "text": "SEO to Boost Organic Traffic",
                                                        "selected_icon": {
                                                            "value": "icon icon-checkmark",
                                                            "library": "ekiticons"
                                                        },
                                                        "_id": "4781c5d"
                                                    },
                                                    {
                                                        "text": "10 Email Account",
                                                        "selected_icon": {
                                                            "value": "icon icon-checkmark",
                                                            "library": "ekiticons"
                                                        },
                                                        "_id": "7ab4779"
                                                    }
                                                ],
                                                "space_between": {
                                                    "unit": "px",
                                                    "size": 6,
                                                    "sizes": []
                                                },
                                                "icon_color": "#27AFE8",
                                                "icon_color_hover": "#2CD97B",
                                                "icon_size": {
                                                    "unit": "px",
                                                    "size": 16,
                                                    "sizes": []
                                                },
                                                "text_indent": {
                                                    "unit": "px",
                                                    "size": 16,
                                                    "sizes": []
                                                }
                                            },
                                            "elements": [],
                                            "isInner": false,
                                            "widgetType": "icon-list",
                                            "elType": "widget"
                                        }
                                    ],
                                    "isInner": true,
                                    "elType": "column"
                                },
                                {
                                    "id": "4af572b1",
                                    "settings": {
                                        "_column_size": 50,
                                        "_inline_size": null
                                    },
                                    "elements": [
                                        {
                                            "id": "36bb708e",
                                            "settings": {
                                                "icon_list": [
                                                    {
                                                        "text": "1 GB Cloud Hosting",
                                                        "selected_icon": {
                                                            "value": "icon icon-checkmark",
                                                            "library": "ekiticons"
                                                        },
                                                        "_id": "c9d5730"
                                                    },
                                                    {
                                                        "text": "Access Cpanel",
                                                        "selected_icon": {
                                                            "value": "icon icon-checkmark",
                                                            "library": "ekiticons"
                                                        },
                                                        "_id": "4dbe372"
                                                    },
                                                    {
                                                        "text": "Minimalist Dashboard",
                                                        "selected_icon": {
                                                            "value": "icon icon-checkmark",
                                                            "library": "ekiticons"
                                                        },
                                                        "_id": "8918d7d"
                                                    },
                                                    {
                                                        "text": "5 Account Access",
                                                        "selected_icon": {
                                                            "value": "icon icon-checkmark",
                                                            "library": "ekiticons"
                                                        },
                                                        "_id": "7eef819"
                                                    },
                                                    {
                                                        "text": "SEO to Boost Organic Traffic",
                                                        "selected_icon": {
                                                            "value": "icon icon-checkmark",
                                                            "library": "ekiticons"
                                                        },
                                                        "_id": "4781c5d"
                                                    },
                                                    {
                                                        "text": "10 Email Account",
                                                        "selected_icon": {
                                                            "value": "icon icon-checkmark",
                                                            "library": "ekiticons"
                                                        },
                                                        "_id": "7ab4779"
                                                    }
                                                ],
                                                "space_between": {
                                                    "unit": "px",
                                                    "size": 6,
                                                    "sizes": []
                                                },
                                                "icon_color": "#27AFE8",
                                                "icon_color_hover": "#2CD97B",
                                                "icon_size": {
                                                    "unit": "px",
                                                    "size": 16,
                                                    "sizes": []
                                                },
                                                "text_indent": {
                                                    "unit": "px",
                                                    "size": 16,
                                                    "sizes": []
                                                }
                                            },
                                            "elements": [],
                                            "isInner": false,
                                            "widgetType": "icon-list",
                                            "elType": "widget"
                                        }
                                    ],
                                    "isInner": true,
                                    "elType": "column"
                                }
                            ],
                            "isInner": true,
                            "elType": "section"
                        },
                        {
                            "id": "58c84d19",
                            "settings": {
                                "title": "Process",
                                "header_size": "h3"
                            },
                            "elements": [],
                            "isInner": false,
                            "widgetType": "heading",
                            "elType": "widget"
                        },
                        {
                            "id": "1b3eeb9b",
                            "settings": {
                                "ekit_accordion_items": [
                                    {
                                        "acc_title": "01. User Flow",
                                        "ekit_acc_is_active": "",
                                        "_id": "4231a06"
                                    },
                                    {
                                        "acc_title": "02. Wireframe",
                                        "ekit_acc_is_active": "",
                                        "_id": "94a0d66"
                                    },
                                    {
                                        "acc_title": "03. Style Scape",
                                        "ekit_acc_is_active": "",
                                        "_id": "891dec3"
                                    },
                                    {
                                        "acc_title": "04. Mockup",
                                        "ekit_acc_is_active": "",
                                        "_id": "319efc5"
                                    },
                                    {
                                        "acc_title": "05. Prototype",
                                        "ekit_acc_is_active": "",
                                        "_id": "3e35050"
                                    }
                                ],
                                "ekit_accordion_title_typography_typography": "custom",
                                "ekit_accordion_title_typography_font_weight": "400",
                                "ekit_accordion_title_color": "#FFFFFF",
                                "ekit_accordion_background_background": "gradient",
                                "ekit_accordion_background_color": "#2CD97B",
                                "ekit_accordion_background_color_b": "#27AFE8",
                                "ekit_accordion_background_gradient_angle": {
                                    "unit": "deg",
                                    "size": 135,
                                    "sizes": []
                                },
                                "ekit_accordion_border_radious_curve_shape_open": {
                                    "unit": "px",
                                    "top": "5",
                                    "right": "5",
                                    "bottom": "5",
                                    "left": "5",
                                    "isLinked": true
                                },
                                "ekit_accordion_title_color_close": "#FFFFFF",
                                "ekit_accordion_background_close_background": "gradient",
                                "ekit_accordion_background_close_color": "#27AFE8",
                                "ekit_accordion_background_close_color_b": "#2CD97B",
                                "ekit_accordion_background_close_gradient_angle": {
                                    "unit": "deg",
                                    "size": 135,
                                    "sizes": []
                                },
                                "ekit_accordion_border_radious_close": {
                                    "unit": "px",
                                    "top": "5",
                                    "right": "5",
                                    "bottom": "5",
                                    "left": "5",
                                    "isLinked": true
                                },
                                "ekit_accordion_title_padding": {
                                    "unit": "px",
                                    "top": "25",
                                    "right": "25",
                                    "bottom": "25",
                                    "left": "25",
                                    "isLinked": true
                                },
                                "ekit_accordion_content_padding_mobile": {
                                    "unit": "em",
                                    "top": "1",
                                    "right": "1",
                                    "bottom": "1",
                                    "left": "1",
                                    "isLinked": true
                                },
                                "ekit_accordion_open_first_slide": "",
                                "ekit_accordion_style": "accoedion-primary side-curve",
                                "ekit_accordion_display_loop_count": "",
                                "ekit_accordion_content_padding": {
                                    "unit": "em",
                                    "top": "2",
                                    "right": "2",
                                    "bottom": "2",
                                    "left": "2",
                                    "isLinked": true
                                },
                                "ekit_accordion_content_width": {
                                    "unit": "%",
                                    "size": 100,
                                    "sizes": []
                                }
                            },
                            "elements": [],
                            "isInner": false,
                            "widgetType": "elementskit-accordion",
                            "elType": "widget"
                        }
                    ],
                    "isInner": false,
                    "elType": "column"
                },
                {
                    "id": "300389af",
                    "settings": {
                        "_column_size": 33,
                        "_inline_size": null,
                        "_inline_size_tablet": 100
                    },
                    "elements": [
                        {
                            "id": "a5b69f5",
                            "settings": {
                                "_ob_bbad_inner_width": "100%",
                                "_ob_bbad_inner_max_width_tablet": "50%",
                                "_ob_bbad_inner_max_width_mobile": "100%",
                                "_ob_glider_nav_pos_y_alt": "50% - 25px",
                                "_ob_glider_nav_pos_x_prev_alt": "0%",
                                "_ob_glider_nav_pos_x_next_alt": "0%",
                                "background_background": "classic",
                                "background_color": "#091D42",
                                "border_border": "solid",
                                "border_width": {
                                    "unit": "px",
                                    "top": "1",
                                    "right": "1",
                                    "bottom": "1",
                                    "left": "1",
                                    "isLinked": true
                                },
                                "border_color": "#0A3967",
                                "border_radius": {
                                    "unit": "px",
                                    "top": "10",
                                    "right": "10",
                                    "bottom": "10",
                                    "left": "10",
                                    "isLinked": true
                                },
                                "padding_tablet": {
                                    "unit": "em",
                                    "top": "",
                                    "right": "",
                                    "bottom": "",
                                    "left": "",
                                    "isLinked": true
                                }
                            },
                            "elements": [
                                {
                                    "id": "63eb1bf6",
                                    "settings": {
                                        "_column_size": 100,
                                        "_inline_size": null,
                                        "_inline_size_tablet": 100,
                                        "padding": {
                                            "unit": "em",
                                            "top": "2",
                                            "right": "2",
                                            "bottom": "2",
                                            "left": "2",
                                            "isLinked": true
                                        }
                                    },
                                    "elements": [
                                        {
                                            "id": "eefadbd",
                                            "settings": {
                                                "title": "About Service",
                                                "header_size": "h4"
                                            },
                                            "elements": [],
                                            "isInner": false,
                                            "widgetType": "heading",
                                            "elType": "widget"
                                        },
                                        {
                                            "id": "66ef5c34",
                                            "settings": [],
                                            "elements": [],
                                            "isInner": false,
                                            "widgetType": "text-editor",
                                            "elType": "widget"
                                        },
                                        {
                                            "id": "617b2d44",
                                            "settings": {
                                                "title": "Detail Service",
                                                "header_size": "h4"
                                            },
                                            "elements": [],
                                            "isInner": false,
                                            "widgetType": "heading",
                                            "elType": "widget"
                                        },
                                        {
                                            "id": "4749c85f",
                                            "settings": {
                                                "icon_list": [
                                                    {
                                                        "text": "1 GB Cloud Hosting",
                                                        "selected_icon": {
                                                            "value": "icon icon-server-8",
                                                            "library": "ekiticons"
                                                        },
                                                        "_id": "141e119"
                                                    },
                                                    {
                                                        "text": "Free Boost Traffic",
                                                        "selected_icon": {
                                                            "value": "icon icon-speed",
                                                            "library": "ekiticons"
                                                        },
                                                        "_id": "a81b78a"
                                                    },
                                                    {
                                                        "text": "4 Week Process",
                                                        "selected_icon": {
                                                            "value": "icon icon-clock2",
                                                            "library": "ekiticons"
                                                        },
                                                        "_id": "ed0907f"
                                                    },
                                                    {
                                                        "text": "6 Month Free Maintenance",
                                                        "selected_icon": {
                                                            "value": "fas fa-cogs",
                                                            "library": "fa-solid"
                                                        },
                                                        "_id": "6535271"
                                                    },
                                                    {
                                                        "text": "10 Email Accounts",
                                                        "selected_icon": {
                                                            "value": "icon icon-envelope1",
                                                            "library": "ekiticons"
                                                        },
                                                        "_id": "70c78b1"
                                                    }
                                                ],
                                                "space_between": {
                                                    "unit": "px",
                                                    "size": 12,
                                                    "sizes": []
                                                },
                                                "icon_color": "#27AFE8",
                                                "icon_color_hover": "#2CD97B",
                                                "icon_size": {
                                                    "unit": "px",
                                                    "size": 21,
                                                    "sizes": []
                                                },
                                                "text_indent": {
                                                    "unit": "px",
                                                    "size": 14,
                                                    "sizes": []
                                                }
                                            },
                                            "elements": [],
                                            "isInner": false,
                                            "widgetType": "icon-list",
                                            "elType": "widget"
                                        },
                                        {
                                            "id": "5e1acd6",
                                            "settings": {
                                                "title": "Lead Team",
                                                "header_size": "h4"
                                            },
                                            "elements": [],
                                            "isInner": false,
                                            "widgetType": "heading",
                                            "elType": "widget"
                                        },
                                        {
                                            "id": "2560d98d",
                                            "settings": {
                                                "image": {
                                                    "url": "https:\/\/demo.moxcreative.com\/eunoia\/wp-content\/uploads\/sites\/18\/2021\/03\/girl-with-blue-eyes-smiling-on-brick-wall--e1616634241330.jpg",
                                                    "id": 959
                                                },
                                                "title_text": "Melinda Tan",
                                                "description_text": "Manager Project",
                                                "title_size": "h4",
                                                "image_size": {
                                                    "unit": "%",
                                                    "size": 50,
                                                    "sizes": []
                                                },
                                                "image_border_radius": {
                                                    "unit": "px",
                                                    "size": 100,
                                                    "sizes": []
                                                },
                                                "hover_animation": "float"
                                            },
                                            "elements": [],
                                            "isInner": false,
                                            "widgetType": "image-box",
                                            "elType": "widget"
                                        },
                                        {
                                            "id": "5f8833f3",
                                            "settings": {
                                                "text": "Download Brochsure",
                                                "align": "center",
                                                "size": "md",
                                                "selected_icon": {
                                                    "value": "fas fa-file-pdf",
                                                    "library": "fa-solid"
                                                }
                                            },
                                            "elements": [],
                                            "isInner": false,
                                            "widgetType": "button",
                                            "elType": "widget"
                                        }
                                    ],
                                    "isInner": true,
                                    "elType": "column"
                                }
                            ],
                            "isInner": true,
                            "elType": "section"
                        },
                        {
                            "id": "6463494f",
                            "settings": {
                                "content_position": "middle",
                                "_ob_bbad_inner_width": "100%",
                                "_ob_bbad_inner_max_width_tablet": "50%",
                                "_ob_bbad_inner_max_width_mobile": "100%",
                                "_ob_glider_nav_pos_y_alt": "50% - 25px",
                                "_ob_glider_nav_pos_x_prev_alt": "0%",
                                "_ob_glider_nav_pos_x_next_alt": "0%",
                                "background_background": "gradient",
                                "background_color": "#27AFE8",
                                "background_color_b": "#2CD97B",
                                "background_gradient_angle": {
                                    "unit": "deg",
                                    "size": 135,
                                    "sizes": []
                                },
                                "border_border": "solid",
                                "border_width": {
                                    "unit": "px",
                                    "top": "1",
                                    "right": "1",
                                    "bottom": "1",
                                    "left": "1",
                                    "isLinked": true
                                },
                                "border_color": "#0A3967",
                                "border_radius": {
                                    "unit": "px",
                                    "top": "10",
                                    "right": "10",
                                    "bottom": "10",
                                    "left": "10",
                                    "isLinked": true
                                },
                                "margin": {
                                    "unit": "em",
                                    "top": "1",
                                    "right": 0,
                                    "bottom": "1",
                                    "left": 0,
                                    "isLinked": true
                                },
                                "margin_tablet": {
                                    "unit": "px",
                                    "top": "0",
                                    "right": 0,
                                    "bottom": "0",
                                    "left": 0,
                                    "isLinked": true
                                },
                                "margin_mobile": {
                                    "unit": "em",
                                    "top": "1",
                                    "right": 0,
                                    "bottom": "1",
                                    "left": 0,
                                    "isLinked": true
                                }
                            },
                            "elements": [
                                {
                                    "id": "18d06b42",
                                    "settings": {
                                        "_column_size": 100,
                                        "_inline_size": null,
                                        "_inline_size_tablet": 100,
                                        "content_position_tablet": "center",
                                        "padding": {
                                            "unit": "em",
                                            "top": "2",
                                            "right": "2",
                                            "bottom": "2",
                                            "left": "2",
                                            "isLinked": true
                                        }
                                    },
                                    "elements": [
                                        {
                                            "id": "4bd6dfcb",
                                            "settings": {
                                                "title": "Need Help?",
                                                "header_size": "h4",
                                                "align": "center",
                                                "title_color": "#FFFFFF"
                                            },
                                            "elements": [],
                                            "isInner": false,
                                            "widgetType": "heading",
                                            "elType": "widget"
                                        },
                                        {
                                            "id": "899f458",
                                            "settings": {
                                                "selected_icon": {
                                                    "value": "icon icon-customer-support-2",
                                                    "library": "ekiticons"
                                                },
                                                "primary_color": "#FFFFFF",
                                                "size": {
                                                    "unit": "px",
                                                    "size": 75,
                                                    "sizes": []
                                                }
                                            },
                                            "elements": [],
                                            "isInner": false,
                                            "widgetType": "icon",
                                            "elType": "widget"
                                        },
                                        {
                                            "id": "a8fffc1",
                                            "settings": {
                                                "title": "Please Contact Our Customer Service.",
                                                "header_size": "h4",
                                                "align": "center",
                                                "title_color": "#FFFFFF"
                                            },
                                            "elements": [],
                                            "isInner": false,
                                            "widgetType": "heading",
                                            "elType": "widget"
                                        },
                                        {
                                            "id": "b211530",
                                            "settings": {
                                                "title": "+(62)21-2002-2002",
                                                "header_size": "h3",
                                                "align": "center",
                                                "title_color": "#FFFFFF"
                                            },
                                            "elements": [],
                                            "isInner": false,
                                            "widgetType": "heading",
                                            "elType": "widget"
                                        }
                                    ],
                                    "isInner": true,
                                    "elType": "column"
                                }
                            ],
                            "isInner": true,
                            "elType": "section"
                        }
                    ],
                    "isInner": false,
                    "elType": "column"
                }
            ],
            "isInner": false,
            "elType": "section"
        }
    ],
    "page_settings": {
        "eael_ext_toc_title": "Table of Contents",
        "template": "elementor_header_footer"
    }
}